title,images,serviceCategory,type,description,price,stateAbbreviation,city,phoneNumber,averageRating,numberOfReviews
L'atelier de coiffure,"['https://serrbi-main-file-bucket.s3.amazonaws.com/services/images/l_atelier_de_coiffure/image_1.jpg', 'https://serrbi-main-file-bucket.s3.amazonaws.com/services/images/l_atelier_de_coiffure/image_2.jpg', 'https://serrbi-main-file-bucket.s3.amazonaws.com/services/images/l_atelier_de_coiffure/image_3.jpg']",Esthetician,Hair Salon,Discover expert hair styling and personalized services at L'atelier de coiffure.,200,CAS,Casablanca,· +212 5229-41741,3.3,121
Marroccia beauty salon,"['https://serrbi-main-file-bucket.s3.amazonaws.com/services/images/marroccia_beauty_salon/image_1.jpg', 'https://serrbi-main-file-bucket.s3.amazonaws.com/services/images/marroccia_beauty_salon/image_2.jpg', 'https://serrbi-main-file-bucket.s3.amazonaws.com/services/images/marroccia_beauty_salon/image_3.jpg']",Esthetician,Esthetician,Experience rejuvenating skincare and makeup services at Marroccia Beauty Salon for a radiant you.,200,,,· +212 669-733736,4.4,45
The Premium Barbershop - Casablanca,"['https://serrbi-main-file-bucket.s3.amazonaws.com/services/images/the_premium_barbershop_-_casablanca/image_1.jpg', 'https://serrbi-main-file-bucket.s3.amazonaws.com/services/images/the_premium_barbershop_-_casablanca/image_2.jpg', 'https://serrbi-main-file-bucket.s3.amazonaws.com/services/images/the_premium_barbershop_-_casablanca/image_3.jpg']",Esthetician,Barbershop,Experience luxury grooming and personalized haircuts in a stylish atmosphere.,200,CAS,Casablanca,· +212 661-625110,4.4,83
"INSIDE BEAUTY salon de Coiffure, institut de beauté pour femmes, Soin visage, épilation, manucure, pédicure, maquillage, gel","['https://serrbi-main-file-bucket.s3.amazonaws.com/services/images/inside_beauty_salon_de_coiffure__institut_de_beaut__pour_femmes__soin_visage___pilation__manucure__p_dicure__maquillage__gel/image_1.jpg', 'https://serrbi-main-file-bucket.s3.amazonaws.com/services/images/inside_beauty_salon_de_coiffure__institut_de_beaut__pour_femmes__soin_visage___pilation__manucure__p_dicure__maquillage__gel/image_2.jpg', 'https://serrbi-main-file-bucket.s3.amazonaws.com/services/images/inside_beauty_salon_de_coiffure__institut_de_beaut__pour_femmes__soin_visage___pilation__manucure__p_dicure__maquillage__gel/image_3.jpg']",Esthetician,Beauty Salon,"Comprehensive beauty services for women, including hair, skincare, and nail treatments.",200,,,· +212 662-628735,3.3,74
Metamorfose Marrakech,"['https://serrbi-main-file-bucket.s3.amazonaws.com/services/images/metamorfose_marrakech/image_1.jpg', 'https://serrbi-main-file-bucket.s3.amazonaws.com/services/images/metamorfose_marrakech/image_2.jpg', 'https://serrbi-main-file-bucket.s3.amazonaws.com/services/images/metamorfose_marrakech/image_3.jpg']",Esthetician,Esthetician Services,Transformative esthetician services offering rejuvenating facials and beauty treatments in Marrakech.,200,,,· +212 610-921754,3.1,16
"OZAR (Lawest) - Salon de coiffure, barber dégradé à l'américaine, taper & coupe Afro | Coiffeur Brushing Femme & Nails",['https://serrbi-main-file-bucket.s3.amazonaws.com/services/images/defaults/esthetician_default.jpg'],Esthetician,Hair Salon,Expert haircuts and styling services specializing in American fade and Afro hair.,200,,,· +212 660-284345,4.2,71
"Salon Zen Mahaj - Salon de Coiffure , Beauté et Esthétique à Hay Riad Rabat","['https://serrbi-main-file-bucket.s3.amazonaws.com/services/images/salon_zen_mahaj_-_salon_de_coiffure___beaut__et_esth_tique___hay_riad_rabat/image_1.jpg', 'https://serrbi-main-file-bucket.s3.amazonaws.com/services/images/salon_zen_mahaj_-_salon_de_coiffure___beaut__et_esth_tique___hay_riad_rabat/image_2.jpg', 'https://serrbi-main-file-bucket.s3.amazonaws.com/services/images/salon_zen_mahaj_-_salon_de_coiffure___beaut__et_esth_tique___hay_riad_rabat/image_3.jpg']",Esthetician,Beauty Salon,Relax and rejuvenate with expert beauty treatments at Salon Zen Mahaj.,200,RAB,Rabat,· +212 5375-75602,3.5,70
Salon Mouna Marrakech,"['https://serrbi-main-file-bucket.s3.amazonaws.com/services/images/salon_mouna_marrakech/image_1.jpg', 'https://serrbi-main-file-bucket.s3.amazonaws.com/services/images/salon_mouna_marrakech/image_2.jpg', 'https://serrbi-main-file-bucket.s3.amazonaws.com/services/images/salon_mouna_marrakech/image_3.jpg']",Esthetician,Esthetician Services,"Expert esthetic services offering grooming, skincare, and relaxation treatments in a tranquil atmosphere.",200,,,· +212 661-301966,3.5,15
Salon Ibrahimi,"['https://serrbi-main-file-bucket.s3.amazonaws.com/services/images/salon_ibrahimi/image_1.jpg', 'https://serrbi-main-file-bucket.s3.amazonaws.com/services/images/salon_ibrahimi/image_2.jpg', 'https://serrbi-main-file-bucket.s3.amazonaws.com/services/images/salon_ibrahimi/image_3.jpg']",Esthetician,Esthetician Services,Expert esthetician services offering skincare treatments and beauty enhancement.,200,RAB,Rabat,· +212 666-690668,4.2,86
Concept Coiffure,"['https://serrbi-main-file-bucket.s3.amazonaws.com/services/images/concept_coiffure/image_1.jpg', 'https://serrbi-main-file-bucket.s3.amazonaws.com/services/images/concept_coiffure/image_2.jpg', 'https://serrbi-main-file-bucket.s3.amazonaws.com/services/images/concept_coiffure/image_3.jpg']",Esthetician,Beauty Spa,"Expert esthetician services for skincare, makeup, and beauty treatments.",200,CAS,Casablanca,· +212 5222-34376,4.7,48
Lucie Saint-Clair Casablanca,"['https://serrbi-main-file-bucket.s3.amazonaws.com/services/images/lucie_saint-clair_casablanca/image_1.jpg', 'https://serrbi-main-file-bucket.s3.amazonaws.com/services/images/lucie_saint-clair_casablanca/image_2.jpg', 'https://serrbi-main-file-bucket.s3.amazonaws.com/services/images/lucie_saint-clair_casablanca/image_3.jpg']",Esthetician,Skincare Treatment,Expert esthetician offering personalized skincare treatments for radiant skin.,200,CAS,Casablanca,· +212 5222-50272,3.8,25
Zero to one barbershop,"['https://serrbi-main-file-bucket.s3.amazonaws.com/services/images/zero_to_one_barbershop/image_1.jpg', 'https://serrbi-main-file-bucket.s3.amazonaws.com/services/images/zero_to_one_barbershop/image_2.jpg', 'https://serrbi-main-file-bucket.s3.amazonaws.com/services/images/zero_to_one_barbershop/image_3.jpg']",Esthetician,Barbershop,Expert barbers providing stylish cuts and grooming in a welcoming atmosphere.,200,CAS,Casablanca,· +212 673-150040,3.8,150
Glory Glam Corner,"['https://serrbi-main-file-bucket.s3.amazonaws.com/services/images/glory_glam_corner/image_1.jpg', 'https://serrbi-main-file-bucket.s3.amazonaws.com/services/images/glory_glam_corner/image_2.jpg', 'https://serrbi-main-file-bucket.s3.amazonaws.com/services/images/glory_glam_corner/image_3.jpg']",Esthetician,Esthetician Service,Transform your beauty routine with expert esthetician services for glowing skin and rejuvenation.,200,CAS,Casablanca,· +212 694-876763,4.8,119
Signature by Amine,"['https://serrbi-main-file-bucket.s3.amazonaws.com/services/images/signature_by_amine/image_1.jpg', 'https://serrbi-main-file-bucket.s3.amazonaws.com/services/images/signature_by_amine/image_2.jpg', 'https://serrbi-main-file-bucket.s3.amazonaws.com/services/images/signature_by_amine/image_3.jpg']",Esthetician,Skincare Clinic,Expert esthetician offering personalized skincare treatments and rejuvenating facials.,200,CAS,Casablanca,· +212 520-651991,4.4,44
"Salon Allure Agadir - Hair, Gel Manucure, Skin care, Hydrafacial & Barber","['https://serrbi-main-file-bucket.s3.amazonaws.com/services/images/salon_allure_agadir_-_hair__gel_manucure__skin_care__hydrafacial___barber/image_1.jpg', 'https://serrbi-main-file-bucket.s3.amazonaws.com/services/images/salon_allure_agadir_-_hair__gel_manucure__skin_care__hydrafacial___barber/image_2.jpg', 'https://serrbi-main-file-bucket.s3.amazonaws.com/services/images/salon_allure_agadir_-_hair__gel_manucure__skin_care__hydrafacial___barber/image_3.jpg']",Esthetician,Full-Service Salon,Expert hair and skincare services for a rejuvenating experience.,200,SOU,Agadir,· +212 602-010167,4.9,72
Bar à Boucles Marrakech,"['https://serrbi-main-file-bucket.s3.amazonaws.com/services/images/bar___boucles_marrakech/image_1.jpg', 'https://serrbi-main-file-bucket.s3.amazonaws.com/services/images/bar___boucles_marrakech/image_2.jpg', 'https://serrbi-main-file-bucket.s3.amazonaws.com/services/images/bar___boucles_marrakech/image_3.jpg']",Esthetician,Hair Salon,Specialized in beautiful curls and hair treatments in a relaxing atmosphere.,200,,,· +212 664-379970,4.4,99
Bar à Boucles Casablanca Les Princesses,"['https://serrbi-main-file-bucket.s3.amazonaws.com/services/images/bar___boucles_casablanca_les_princesses/image_1.jpg', 'https://serrbi-main-file-bucket.s3.amazonaws.com/services/images/bar___boucles_casablanca_les_princesses/image_2.jpg', 'https://serrbi-main-file-bucket.s3.amazonaws.com/services/images/bar___boucles_casablanca_les_princesses/image_3.jpg']",Esthetician,Hair Salon,"Expert curl styling and maintenance for beautiful, bouncy hair in a welcoming atmosphere.",200,CAS,Casablanca,· +212 663-327772,3.3,131
Man's Beard,"['https://serrbi-main-file-bucket.s3.amazonaws.com/services/images/man_s_beard/image_1.jpg', 'https://serrbi-main-file-bucket.s3.amazonaws.com/services/images/man_s_beard/image_2.jpg', 'https://serrbi-main-file-bucket.s3.amazonaws.com/services/images/man_s_beard/image_3.jpg']",Esthetician,Beard Grooming,Expert grooming service for the perfect shape and style of your beard.,200,,,· +212 707-230097,4.1,27
SALON YS BEAUTÉ COIFFURE ESTHÉTIQUE POUR FEMME,"['https://serrbi-main-file-bucket.s3.amazonaws.com/services/images/salon_ys_beaut__coiffure_esth_tique_pour_femme/image_1.jpg', 'https://serrbi-main-file-bucket.s3.amazonaws.com/services/images/salon_ys_beaut__coiffure_esth_tique_pour_femme/image_2.jpg', 'https://serrbi-main-file-bucket.s3.amazonaws.com/services/images/salon_ys_beaut__coiffure_esth_tique_pour_femme/image_3.jpg']",Esthetician,Beauty Salon,Expert beauty and hair services for women in a relaxing salon environment.,200,CAS,Casablanca,· +212 649-015910,4.7,99
Angel Institut Casablanca,"['https://serrbi-main-file-bucket.s3.amazonaws.com/services/images/angel_institut_casablanca/image_1.jpg', 'https://serrbi-main-file-bucket.s3.amazonaws.com/services/images/angel_institut_casablanca/image_2.jpg', 'https://serrbi-main-file-bucket.s3.amazonaws.com/services/images/angel_institut_casablanca/image_3.jpg']",Esthetician,Esthetician Services,Expert esthetician services for your beauty and skincare needs in Casablanca.,200,CAS,Casablanca,· +212 5223-95777,3.6,33
nan,"['https://serrbi-main-file-bucket.s3.amazonaws.com/services/images/nan/image_1.jpg', 'https://serrbi-main-file-bucket.s3.amazonaws.com/services/images/nan/image_2.jpg', 'https://serrbi-main-file-bucket.s3.amazonaws.com/services/images/nan/image_3.jpg']",Esthetician,Esthetician,Expert esthetician services for glowing skin and personalized beauty treatments.,200,,,nan,3.5,41
Black Home Barber - Coiffeur Homme Casablanca,"['https://serrbi-main-file-bucket.s3.amazonaws.com/services/images/black_home_barber_-_coiffeur_homme_casablanca/image_1.jpg', 'https://serrbi-main-file-bucket.s3.amazonaws.com/services/images/black_home_barber_-_coiffeur_homme_casablanca/image_2.jpg', 'https://serrbi-main-file-bucket.s3.amazonaws.com/services/images/black_home_barber_-_coiffeur_homme_casablanca/image_3.jpg']",Esthetician,Barber Shop,"Expert barber services for men, offering stylish cuts in a comfortable setting.",200,CAS,Casablanca,· +212 691-994002,4.9,120
Skills Marrakech,"['https://serrbi-main-file-bucket.s3.amazonaws.com/services/images/skills_marrakech/image_1.jpg', 'https://serrbi-main-file-bucket.s3.amazonaws.com/services/images/skills_marrakech/image_2.jpg', 'https://serrbi-main-file-bucket.s3.amazonaws.com/services/images/skills_marrakech/image_3.jpg']",Esthetician,Esthetician,"Expert esthetician services in Marrakech, offering rejuvenating treatments for radiant skin.",200,,,· +212 702-550742,4.1,44
Amine Hair Artist,"['https://serrbi-main-file-bucket.s3.amazonaws.com/services/images/amine_hair_artist/image_1.jpg', 'https://serrbi-main-file-bucket.s3.amazonaws.com/services/images/amine_hair_artist/image_2.jpg', 'https://serrbi-main-file-bucket.s3.amazonaws.com/services/images/amine_hair_artist/image_3.jpg']",Esthetician,Hair Salon,Expert hairstyling and personalized hair care by a talented artist.,200,CAS,Casablanca,nan,3.6,140
Rachid coiffeur visagiste kech,"['https://serrbi-main-file-bucket.s3.amazonaws.com/services/images/rachid_coiffeur_visagiste_kech/image_1.jpg', 'https://serrbi-main-file-bucket.s3.amazonaws.com/services/images/rachid_coiffeur_visagiste_kech/image_2.jpg', 'https://serrbi-main-file-bucket.s3.amazonaws.com/services/images/rachid_coiffeur_visagiste_kech/image_3.jpg']",Esthetician,Hair & Beauty Salon,Expert hairstyling and facial analysis for a personalized look.,200,,,· +212 679-466326,3.8,78
Caprices de femmes,"['https://serrbi-main-file-bucket.s3.amazonaws.com/services/images/caprices_de_femmes/image_1.jpg', 'https://serrbi-main-file-bucket.s3.amazonaws.com/services/images/caprices_de_femmes/image_2.jpg', 'https://serrbi-main-file-bucket.s3.amazonaws.com/services/images/caprices_de_femmes/image_3.jpg']",Esthetician,Esthetician,Expert esthetician services tailored to enhance your natural beauty and boost your confidence.,200,CAS,Casablanca,nan,3.1,131
Zine O'zine Salon & SPA Marrakech,"['https://serrbi-main-file-bucket.s3.amazonaws.com/services/images/zine_o_zine_salon___spa_marrakech/image_1.jpg', 'https://serrbi-main-file-bucket.s3.amazonaws.com/services/images/zine_o_zine_salon___spa_marrakech/image_2.jpg', 'https://serrbi-main-file-bucket.s3.amazonaws.com/services/images/zine_o_zine_salon___spa_marrakech/image_3.jpg']",Esthetician,Saloon & Spa,Indulge in luxurious beauty treatments and rejuvenating spa services at Zine O'zine Salon & SPA Marrakech.,200,,,· +212 661-362246,4.3,32
Gatsby Barber Marrakech salon de coiffeurs homme,"['https://serrbi-main-file-bucket.s3.amazonaws.com/services/images/gatsby_barber_marrakech_salon_de_coiffeurs_homme/image_1.jpg', 'https://serrbi-main-file-bucket.s3.amazonaws.com/services/images/gatsby_barber_marrakech_salon_de_coiffeurs_homme/image_2.jpg', 'https://serrbi-main-file-bucket.s3.amazonaws.com/services/images/gatsby_barber_marrakech_salon_de_coiffeurs_homme/image_3.jpg']",Esthetician,Barber Shop,Expert grooming and styling for men at Gatsby Barber in Marrakech.,200,,,· +212 600-642015,4.1,98
"The Trendy Lounge - Salon de Coiffure, Beauté & Bien-être - Anfa racine - Casablanca","['https://serrbi-main-file-bucket.s3.amazonaws.com/services/images/the_trendy_lounge_-_salon_de_coiffure__beaut____bien-_tre_-_anfa_racine_-_casablanca/image_1.jpg', 'https://serrbi-main-file-bucket.s3.amazonaws.com/services/images/the_trendy_lounge_-_salon_de_coiffure__beaut____bien-_tre_-_anfa_racine_-_casablanca/image_2.jpg', 'https://serrbi-main-file-bucket.s3.amazonaws.com/services/images/the_trendy_lounge_-_salon_de_coiffure__beaut____bien-_tre_-_anfa_racine_-_casablanca/image_3.jpg']",Esthetician,Hair and Beauty Salon,A chic salon offering top-notch hair and beauty services in a relaxing atmosphere.,200,CAS,Casablanca,· +212 520-520200,4.9,46
The Barber Shop - Casablanca ( Star ),"['https://serrbi-main-file-bucket.s3.amazonaws.com/services/images/the_barber_shop_-_casablanca___star__/image_1.jpg', 'https://serrbi-main-file-bucket.s3.amazonaws.com/services/images/the_barber_shop_-_casablanca___star__/image_2.jpg', 'https://serrbi-main-file-bucket.s3.amazonaws.com/services/images/the_barber_shop_-_casablanca___star__/image_3.jpg']",Esthetician,Barber Shop,Expert haircuts and grooming services in a welcoming atmosphere.,200,CAS,Casablanca,· +212 675-104721,4.8,133
Salon Cham Hair & Makeup marrakech,"['https://serrbi-main-file-bucket.s3.amazonaws.com/services/images/salon_cham_hair___makeup_marrakech/image_1.jpg', 'https://serrbi-main-file-bucket.s3.amazonaws.com/services/images/salon_cham_hair___makeup_marrakech/image_2.jpg', 'https://serrbi-main-file-bucket.s3.amazonaws.com/services/images/salon_cham_hair___makeup_marrakech/image_3.jpg']",Esthetician,Beauty Salon,Transform your look with expert hair and makeup services in the heart of Marrakech.,200,,,· +212 679-272756,3.3,87
Salon Antoine B Marrakech,"['https://serrbi-main-file-bucket.s3.amazonaws.com/services/images/salon_antoine_b_marrakech/image_1.jpg', 'https://serrbi-main-file-bucket.s3.amazonaws.com/services/images/salon_antoine_b_marrakech/image_2.jpg', 'https://serrbi-main-file-bucket.s3.amazonaws.com/services/images/salon_antoine_b_marrakech/image_3.jpg']",Esthetician,Beauty Salon,"Experience luxurious beauty treatments at Salon Antoine B Marrakech, where elegance meets expertise.",200,,,· +212 760-760499,3.8,54
Tapis Rouge Centre de beauté et salon de coiffure,"['https://serrbi-main-file-bucket.s3.amazonaws.com/services/images/tapis_rouge_centre_de_beaut__et_salon_de_coiffure/image_1.jpg', 'https://serrbi-main-file-bucket.s3.amazonaws.com/services/images/tapis_rouge_centre_de_beaut__et_salon_de_coiffure/image_2.jpg', 'https://serrbi-main-file-bucket.s3.amazonaws.com/services/images/tapis_rouge_centre_de_beaut__et_salon_de_coiffure/image_3.jpg']",Esthetician,Beauty Salon,A luxurious beauty center offering expert esthetician services and hair styling.,200,,,· +212 661-767345,4.7,90
Salon De Coiffure La Joconde,"['https://serrbi-main-file-bucket.s3.amazonaws.com/services/images/salon_de_coiffure_la_joconde/image_1.jpg', 'https://serrbi-main-file-bucket.s3.amazonaws.com/services/images/salon_de_coiffure_la_joconde/image_2.jpg', 'https://serrbi-main-file-bucket.s3.amazonaws.com/services/images/salon_de_coiffure_la_joconde/image_3.jpg']",Esthetician,Beauty Salon,Relax and rejuvenate with our expert hair and beauty services.,200,CAS,Casablanca,· +212 5222-50547,3.8,94
Tendance Coiffure Marrakech,"['https://serrbi-main-file-bucket.s3.amazonaws.com/services/images/tendance_coiffure_marrakech/image_1.jpg', 'https://serrbi-main-file-bucket.s3.amazonaws.com/services/images/tendance_coiffure_marrakech/image_2.jpg', 'https://serrbi-main-file-bucket.s3.amazonaws.com/services/images/tendance_coiffure_marrakech/image_3.jpg']",Esthetician,Hair Salon,Expert hairstyling and beauty services in the heart of Marrakech.,200,,,· +212 5244-34023,3.8,9
Bar à Boucles Casablanca Bourgogne,"['https://serrbi-main-file-bucket.s3.amazonaws.com/services/images/bar___boucles_casablanca_bourgogne/image_1.jpg', 'https://serrbi-main-file-bucket.s3.amazonaws.com/services/images/bar___boucles_casablanca_bourgogne/image_2.jpg', 'https://serrbi-main-file-bucket.s3.amazonaws.com/services/images/bar___boucles_casablanca_bourgogne/image_3.jpg']",Esthetician,Hair Salon,Expert curls and stunning hairstyles tailored for every occasion.,200,CAS,Casablanca,· +212 665-851532,4.1,7
Mèche à Mèche Marrakech,"['https://serrbi-main-file-bucket.s3.amazonaws.com/services/images/m_che___m_che_marrakech/image_1.jpg', 'https://serrbi-main-file-bucket.s3.amazonaws.com/services/images/m_che___m_che_marrakech/image_2.jpg', 'https://serrbi-main-file-bucket.s3.amazonaws.com/services/images/m_che___m_che_marrakech/image_3.jpg']",Esthetician,Beauty Spa,Expert esthetician services specializing in personalized beauty treatments in Marrakech.,200,,,· +212 525-060606,4.2,99
BARBER MARRAKESH CHAFNI,"['https://serrbi-main-file-bucket.s3.amazonaws.com/services/images/barber_marrakesh_chafni/image_1.jpg', 'https://serrbi-main-file-bucket.s3.amazonaws.com/services/images/barber_marrakesh_chafni/image_2.jpg', 'https://serrbi-main-file-bucket.s3.amazonaws.com/services/images/barber_marrakesh_chafni/image_3.jpg']",Esthetician,Barber Shop,Expert barbering services for a stylish and fresh look in Marrakesh.,200,,,· +212 645-245044,4.5,44
Salon M7,"['https://serrbi-main-file-bucket.s3.amazonaws.com/services/images/salon_m7/image_1.jpg', 'https://serrbi-main-file-bucket.s3.amazonaws.com/services/images/salon_m7/image_2.jpg', 'https://serrbi-main-file-bucket.s3.amazonaws.com/services/images/salon_m7/image_3.jpg']",Esthetician,Skincare,Expert esthetician services for glowing skin and relaxation.,200,,,· +212 620-044839,3.9,28
Studio B,"['https://serrbi-main-file-bucket.s3.amazonaws.com/services/images/studio_b/image_1.jpg', 'https://serrbi-main-file-bucket.s3.amazonaws.com/services/images/studio_b/image_2.jpg', 'https://serrbi-main-file-bucket.s3.amazonaws.com/services/images/studio_b/image_3.jpg']",Esthetician,Esthetician,Relaxing esthetician services for glowing skin and rejuvenation.,200,CAS,Casablanca,· +212 5222-50838,3.5,68
Beauty Hair & Spa,"['https://serrbi-main-file-bucket.s3.amazonaws.com/services/images/beauty_hair___spa/image_1.jpg', 'https://serrbi-main-file-bucket.s3.amazonaws.com/services/images/beauty_hair___spa/image_2.jpg', 'https://serrbi-main-file-bucket.s3.amazonaws.com/services/images/beauty_hair___spa/image_3.jpg']",Esthetician,Hair & Spa Services,Revitalize your look with expert hair care and rejuvenating spa treatments.,200,RAB,Rabat,· +212 5377-74930,3.1,117
Tribumode Agency,"['https://serrbi-main-file-bucket.s3.amazonaws.com/services/images/tribumode_agency/image_1.jpg', 'https://serrbi-main-file-bucket.s3.amazonaws.com/services/images/tribumode_agency/image_2.jpg', 'https://serrbi-main-file-bucket.s3.amazonaws.com/services/images/tribumode_agency/image_3.jpg']",Esthetician,Beauty Spa,"Expert esthetician services specializing in skincare, makeup, and beauty treatments.",200,CAS,Casablanca,· +212 633-000083,3.4,11
Coiffure Venezia,"['https://serrbi-main-file-bucket.s3.amazonaws.com/services/images/coiffure_venezia/image_1.jpg', 'https://serrbi-main-file-bucket.s3.amazonaws.com/services/images/coiffure_venezia/image_2.jpg', 'https://serrbi-main-file-bucket.s3.amazonaws.com/services/images/coiffure_venezia/image_3.jpg']",Esthetician,Hair Salon,Experience exquisite hair styling and personalized beauty care at Coiffure Venezia.,200,,,nan,3.8,115
"Atelier 9 - Modern Salon, Hair & Nails","['https://serrbi-main-file-bucket.s3.amazonaws.com/services/images/atelier_9_-_modern_salon__hair___nails/image_1.jpg', 'https://serrbi-main-file-bucket.s3.amazonaws.com/services/images/atelier_9_-_modern_salon__hair___nails/image_2.jpg', 'https://serrbi-main-file-bucket.s3.amazonaws.com/services/images/atelier_9_-_modern_salon__hair___nails/image_3.jpg']",Esthetician,Hair and Nail Salon,Chic salon offering expert hair and nail services for a modern look.,200,RAB,Rabat,· +212 669-828503,4.4,115
Coiffeur Turc à Casablanca - Hair Extension,"['https://serrbi-main-file-bucket.s3.amazonaws.com/services/images/coiffeur_turc___casablanca_-_hair_extension/image_1.jpg', 'https://serrbi-main-file-bucket.s3.amazonaws.com/services/images/coiffeur_turc___casablanca_-_hair_extension/image_2.jpg', 'https://serrbi-main-file-bucket.s3.amazonaws.com/services/images/coiffeur_turc___casablanca_-_hair_extension/image_3.jpg']",Esthetician,Hair Salon,Expert Turkish hairstyling and premium hair extensions in the heart of Casablanca.,200,CAS,Casablanca,· +212 707-073300,4.1,108
Barber Yahia Vip Coiffeur Homme Rabat,"['https://serrbi-main-file-bucket.s3.amazonaws.com/services/images/barber_yahia_vip_coiffeur_homme_rabat/image_1.jpg', 'https://serrbi-main-file-bucket.s3.amazonaws.com/services/images/barber_yahia_vip_coiffeur_homme_rabat/image_2.jpg', 'https://serrbi-main-file-bucket.s3.amazonaws.com/services/images/barber_yahia_vip_coiffeur_homme_rabat/image_3.jpg']",Esthetician,Barber Shop,Experience top-notch grooming and styling for men in a luxury setting.,200,RAB,Rabat,· +212 659-814004,3.5,61
Mastercoiff,"['https://serrbi-main-file-bucket.s3.amazonaws.com/services/images/mastercoiff/image_1.jpg', 'https://serrbi-main-file-bucket.s3.amazonaws.com/services/images/mastercoiff/image_2.jpg', 'https://serrbi-main-file-bucket.s3.amazonaws.com/services/images/mastercoiff/image_3.jpg']",Esthetician,Skincare,Expert esthetician offering personalized skincare treatments for a radiant complexion.,200,CAS,Casablanca,· +212 661-640664,4.8,34
YOBA HAIR STYLER Home hairdresser in Marrakech,"['https://serrbi-main-file-bucket.s3.amazonaws.com/services/images/yoba_hair_styler_home_hairdresser_in_marrakech/image_1.jpg', 'https://serrbi-main-file-bucket.s3.amazonaws.com/services/images/yoba_hair_styler_home_hairdresser_in_marrakech/image_2.jpg', 'https://serrbi-main-file-bucket.s3.amazonaws.com/services/images/yoba_hair_styler_home_hairdresser_in_marrakech/image_3.jpg']",Esthetician,Hairdressing,Expert home hairdresser offering stylish cuts and colors in Marrakech.,200,,,nan,3.9,80
bel ange marrakech,"['https://serrbi-main-file-bucket.s3.amazonaws.com/services/images/bel_ange_marrakech/image_1.jpg', 'https://serrbi-main-file-bucket.s3.amazonaws.com/services/images/bel_ange_marrakech/image_2.jpg', 'https://serrbi-main-file-bucket.s3.amazonaws.com/services/images/bel_ange_marrakech/image_3.jpg']",Esthetician,Esthetician Services,Exceptional esthetician services in Marrakech for your beauty and relaxation needs.,200,,,· +212 5244-20036,4.3,82
Niya Beauty de Coiffure & Ésthétique,"['https://serrbi-main-file-bucket.s3.amazonaws.com/services/images/niya_beauty_de_coiffure____sth_tique/image_1.jpg', 'https://serrbi-main-file-bucket.s3.amazonaws.com/services/images/niya_beauty_de_coiffure____sth_tique/image_2.jpg', 'https://serrbi-main-file-bucket.s3.amazonaws.com/services/images/niya_beauty_de_coiffure____sth_tique/image_3.jpg']",Esthetician,Beauty Salon,Expert beauty and hair services to enhance your natural glow and style.,200,,,· +212 702-050200,3.7,126
Salon Paris beauty show,"['https://serrbi-main-file-bucket.s3.amazonaws.com/services/images/salon_paris_beauty_show/image_1.jpg', 'https://serrbi-main-file-bucket.s3.amazonaws.com/services/images/salon_paris_beauty_show/image_2.jpg', 'https://serrbi-main-file-bucket.s3.amazonaws.com/services/images/salon_paris_beauty_show/image_3.jpg']",Esthetician,Beauty Salon,"Indulge in luxurious beauty treatments at Salon Paris, where elegance meets expert esthetician services.",200,,,· +212 5244-22737,5.0,104
New hair by MG,"['https://serrbi-main-file-bucket.s3.amazonaws.com/services/images/new_hair_by_mg/image_1.jpg', 'https://serrbi-main-file-bucket.s3.amazonaws.com/services/images/new_hair_by_mg/image_2.jpg', 'https://serrbi-main-file-bucket.s3.amazonaws.com/services/images/new_hair_by_mg/image_3.jpg']",Esthetician,Hair Stylist,Experience the latest hair trends and personalized styling with expert care by MG.,200,,,· +212 666-359438,3.6,115
Mounir Salon ViP,"['https://serrbi-main-file-bucket.s3.amazonaws.com/services/images/mounir_salon_vip/image_1.jpg', 'https://serrbi-main-file-bucket.s3.amazonaws.com/services/images/mounir_salon_vip/image_2.jpg', 'https://serrbi-main-file-bucket.s3.amazonaws.com/services/images/mounir_salon_vip/image_3.jpg']",Esthetician,Esthetician,Exclusive esthetic services tailored for a luxurious experience.,200,,,· +212 614-669951,4.8,125
Salon Mondial Casablanca,"['https://serrbi-main-file-bucket.s3.amazonaws.com/services/images/salon_mondial_casablanca/image_1.jpg', 'https://serrbi-main-file-bucket.s3.amazonaws.com/services/images/salon_mondial_casablanca/image_2.jpg', 'https://serrbi-main-file-bucket.s3.amazonaws.com/services/images/salon_mondial_casablanca/image_3.jpg']",Esthetician,Esthetic Services,Expert esthetician services for radiant skin and beauty treatments in a relaxing environment.,200,CAS,Casablanca,· +212 5222-52828,3.8,150
Jean Daniel coiffeur Créateur,"['https://serrbi-main-file-bucket.s3.amazonaws.com/services/images/jean_daniel_coiffeur_cr_ateur/image_1.jpg', 'https://serrbi-main-file-bucket.s3.amazonaws.com/services/images/jean_daniel_coiffeur_cr_ateur/image_2.jpg', 'https://serrbi-main-file-bucket.s3.amazonaws.com/services/images/jean_daniel_coiffeur_cr_ateur/image_3.jpg']",Esthetician,Hair Salon,Expert hairstyling and creative cuts tailored to your unique style.,200,,,· +212 660-353188,3.4,116
Must Coiffure - Rabat Agdal,"['https://serrbi-main-file-bucket.s3.amazonaws.com/services/images/must_coiffure_-_rabat_agdal/image_1.jpg', 'https://serrbi-main-file-bucket.s3.amazonaws.com/services/images/must_coiffure_-_rabat_agdal/image_2.jpg', 'https://serrbi-main-file-bucket.s3.amazonaws.com/services/images/must_coiffure_-_rabat_agdal/image_3.jpg']",Esthetician,Hair Salon,Expert hair and beauty services in a stylish setting.,200,RAB,Rabat,· +212 5376-74590,4.8,141
Salon EMPREINTE,"['https://serrbi-main-file-bucket.s3.amazonaws.com/services/images/salon_empreinte/image_1.jpg', 'https://serrbi-main-file-bucket.s3.amazonaws.com/services/images/salon_empreinte/image_2.jpg', 'https://serrbi-main-file-bucket.s3.amazonaws.com/services/images/salon_empreinte/image_3.jpg']",Esthetician,Esthetician Services,Expert esthetician services for radiant skin and personalized beauty treatments.,200,CAS,Casablanca,· +212 5228-30022,3.3,6
Coloration 100% végétale Casablanca : Les Fées Naturelles,"['https://serrbi-main-file-bucket.s3.amazonaws.com/services/images/coloration_100__v_g_tale_casablanca___les_f_es_naturelles/image_1.jpg', 'https://serrbi-main-file-bucket.s3.amazonaws.com/services/images/coloration_100__v_g_tale_casablanca___les_f_es_naturelles/image_2.jpg', 'https://serrbi-main-file-bucket.s3.amazonaws.com/services/images/coloration_100__v_g_tale_casablanca___les_f_es_naturelles/image_3.jpg']",Esthetician,Hair Coloring,"Experience 100% natural hair coloring for vibrant, lasting results in a welcoming atmosphere.",200,CAS,Casablanca,· +212 5222-88641,4.5,141
"ELNY:Boutique,Salon de Coiffure et Esthétique.","['https://serrbi-main-file-bucket.s3.amazonaws.com/services/images/elny_boutique_salon_de_coiffure_et_esth_tique_/image_1.jpg', 'https://serrbi-main-file-bucket.s3.amazonaws.com/services/images/elny_boutique_salon_de_coiffure_et_esth_tique_/image_2.jpg', 'https://serrbi-main-file-bucket.s3.amazonaws.com/services/images/elny_boutique_salon_de_coiffure_et_esth_tique_/image_3.jpg']",Esthetician,Beauty Salon,Chic boutique offering hair styling and beauty treatments in a relaxing atmosphere.,200,CAS,Casablanca,· +212 619-740741,4.6,101
New Look - Hair Studio,"['https://serrbi-main-file-bucket.s3.amazonaws.com/services/images/new_look_-_hair_studio/image_1.jpg', 'https://serrbi-main-file-bucket.s3.amazonaws.com/services/images/new_look_-_hair_studio/image_2.jpg', 'https://serrbi-main-file-bucket.s3.amazonaws.com/services/images/new_look_-_hair_studio/image_3.jpg']",Esthetician,Hair Salon,Transform your look with expert hair styling and personalized care.,200,,,· +212 699-686089,3.3,82
Expert Barber -Marjane Menara- Salon de Coiffure H&F,"['https://serrbi-main-file-bucket.s3.amazonaws.com/services/images/expert_barber_-marjane_menara-_salon_de_coiffure_h_f/image_1.jpg', 'https://serrbi-main-file-bucket.s3.amazonaws.com/services/images/expert_barber_-marjane_menara-_salon_de_coiffure_h_f/image_2.jpg', 'https://serrbi-main-file-bucket.s3.amazonaws.com/services/images/expert_barber_-marjane_menara-_salon_de_coiffure_h_f/image_3.jpg']",Esthetician,Barber Shop,Skilled barber offering stylish cuts and grooming at Salon de Coiffure H&F.,200,,,· +212 662-204845,4.9,48
BITA Mode - Salon de coiffure & d'esthétique - Coupes de cheveux - Lissages - Extensions - Colorations - Soins capillaires,"['https://serrbi-main-file-bucket.s3.amazonaws.com/services/images/bita_mode_-_salon_de_coiffure___d_esth_tique_-_coupes_de_cheveux_-_lissages_-_extensions_-_colorations_-_soins_capillaires/image_1.jpg', 'https://serrbi-main-file-bucket.s3.amazonaws.com/services/images/bita_mode_-_salon_de_coiffure___d_esth_tique_-_coupes_de_cheveux_-_lissages_-_extensions_-_colorations_-_soins_capillaires/image_2.jpg', 'https://serrbi-main-file-bucket.s3.amazonaws.com/services/images/bita_mode_-_salon_de_coiffure___d_esth_tique_-_coupes_de_cheveux_-_lissages_-_extensions_-_colorations_-_soins_capillaires/image_3.jpg']",Esthetician,Hair and Aesthetic Salon,"Expert salon offering haircuts, color, and aesthetic treatments for all your beauty needs.",200,CAS,Casablanca,· +212 520-285925,4.8,91
LE PREMIER,"['https://serrbi-main-file-bucket.s3.amazonaws.com/services/images/le_premier/image_1.jpg', 'https://serrbi-main-file-bucket.s3.amazonaws.com/services/images/le_premier/image_2.jpg', 'https://serrbi-main-file-bucket.s3.amazonaws.com/services/images/le_premier/image_3.jpg']",Esthetician,Esthetician,Expert esthetician services offering skincare treatments for a radiant complexion.,200,CAS,Casablanca,· +212 5222-54624,3.8,71
Fade O’clock,"['https://serrbi-main-file-bucket.s3.amazonaws.com/services/images/fade_o_clock/image_1.jpg', 'https://serrbi-main-file-bucket.s3.amazonaws.com/services/images/fade_o_clock/image_2.jpg', 'https://serrbi-main-file-bucket.s3.amazonaws.com/services/images/fade_o_clock/image_3.jpg']",Esthetician,Haircutting Services,Expert fade styles tailored to enhance your unique look.,200,CAS,Casablanca,· +212 676-359041,3.9,65
𝐏𝐞𝐫𝐟𝐞𝐜𝐭 𝐁𝐞𝐚𝐮𝐭𝐲 𝐇𝐨𝐮𝐬𝐞 - 𝐂𝐚𝐬𝐚𝐛𝐥𝐚𝐧𝐜𝐚-𝐒𝐚𝐥𝐨𝐧 𝐝𝐞 𝐛𝐞𝐚𝐮𝐭é - 𝐒𝐨𝐢𝐧 𝐇𝐲𝐝𝐫𝐚𝐟𝐚𝐜𝐢𝐚𝐥 - 𝐂𝐨𝐢𝐟𝐟𝐮𝐫𝐞 - 𝐎𝐧𝐠𝐥𝐞𝐫𝐢𝐞 - 𝐋𝐢𝐬𝐬𝐚𝐠𝐞 𝐜𝐡𝐞𝐯𝐞u𝐱 -𝐄𝐩𝐢𝐥𝐚𝐭𝐢𝐨𝐧,"['https://serrbi-main-file-bucket.s3.amazonaws.com/services/images/_____________________-___________-________________-__________________-__________-__________-______________u__-_________/image_1.jpg', 'https://serrbi-main-file-bucket.s3.amazonaws.com/services/images/_____________________-___________-________________-__________________-__________-__________-______________u__-_________/image_2.jpg', 'https://serrbi-main-file-bucket.s3.amazonaws.com/services/images/_____________________-___________-________________-__________________-__________-__________-______________u__-_________/image_3.jpg']",Esthetician,Beauty Salon,"Experience premium beauty treatments, including hydrafacial, styling, and waxing services in a serene salon.",200,CAS,Casablanca,· +212 643-826176,4.3,92
Capillary Barber,"['https://serrbi-main-file-bucket.s3.amazonaws.com/services/images/capillary_barber/image_1.jpg', 'https://serrbi-main-file-bucket.s3.amazonaws.com/services/images/capillary_barber/image_2.jpg', 'https://serrbi-main-file-bucket.s3.amazonaws.com/services/images/capillary_barber/image_3.jpg']",Esthetician,Hair Care Service,"Expert capillary treatments for healthy, beautiful hair tailored to your needs.",200,CAS,Casablanca,· +212 620-000300,4.5,58
Feorella Coiffure,"['https://serrbi-main-file-bucket.s3.amazonaws.com/services/images/feorella_coiffure/image_1.jpg', 'https://serrbi-main-file-bucket.s3.amazonaws.com/services/images/feorella_coiffure/image_2.jpg', 'https://serrbi-main-file-bucket.s3.amazonaws.com/services/images/feorella_coiffure/image_3.jpg']",Esthetician,Skincare and Beauty,"Expert esthetician services for skincare, makeup, and relaxation.",200,CAS,Casablanca,· +212 667-167565,3.3,52
David Coiffeur Hairdresser,"['https://serrbi-main-file-bucket.s3.amazonaws.com/services/images/david_coiffeur_hairdresser/image_1.jpg', 'https://serrbi-main-file-bucket.s3.amazonaws.com/services/images/david_coiffeur_hairdresser/image_2.jpg', 'https://serrbi-main-file-bucket.s3.amazonaws.com/services/images/david_coiffeur_hairdresser/image_3.jpg']",Esthetician,Hair Salon,Expert hairdressing services providing stylish cuts and colors tailored to your needs.,200,,,· +212 661-333027,4.1,46
Truman's Barbershop and Spa Ain Diab,"['https://serrbi-main-file-bucket.s3.amazonaws.com/services/images/truman_s_barbershop_and_spa_ain_diab/image_1.jpg', 'https://serrbi-main-file-bucket.s3.amazonaws.com/services/images/truman_s_barbershop_and_spa_ain_diab/image_2.jpg', 'https://serrbi-main-file-bucket.s3.amazonaws.com/services/images/truman_s_barbershop_and_spa_ain_diab/image_3.jpg']",Esthetician,Barbershop and Spa,Relaxing spa and grooming services for a refreshing experience in Ain Diab.,200,CAS,Casablanca,· +212 5227-97039,3.7,101
Ayoub Hair Studio,"['https://serrbi-main-file-bucket.s3.amazonaws.com/services/images/ayoub_hair_studio/image_1.jpg', 'https://serrbi-main-file-bucket.s3.amazonaws.com/services/images/ayoub_hair_studio/image_2.jpg', 'https://serrbi-main-file-bucket.s3.amazonaws.com/services/images/ayoub_hair_studio/image_3.jpg']",Esthetician,Hair and Beauty Studio,Experience personalized hair and beauty treatments in a relaxing atmosphere.,200,RAB,Rabat,· +212 5377-77711,4.7,30
Le Bar à Brushing,"['https://serrbi-main-file-bucket.s3.amazonaws.com/services/images/le_bar___brushing/image_1.jpg', 'https://serrbi-main-file-bucket.s3.amazonaws.com/services/images/le_bar___brushing/image_2.jpg', 'https://serrbi-main-file-bucket.s3.amazonaws.com/services/images/le_bar___brushing/image_3.jpg']",Esthetician,Hair Salon,Expert styling and hair brushing services for a polished look.,200,,,· +212 664-130241,4.2,102
Sabri star barbershop,"['https://serrbi-main-file-bucket.s3.amazonaws.com/services/images/sabri_star_barbershop/image_1.jpg', 'https://serrbi-main-file-bucket.s3.amazonaws.com/services/images/sabri_star_barbershop/image_2.jpg', 'https://serrbi-main-file-bucket.s3.amazonaws.com/services/images/sabri_star_barbershop/image_3.jpg']",Esthetician,Barbershop,Expert haircuts and grooming services in a welcoming atmosphere.,200,CAS,Casablanca,· +212 520-567714,5.0,135
Manhattan Beauty salon,"['https://serrbi-main-file-bucket.s3.amazonaws.com/services/images/manhattan_beauty_salon/image_1.jpg', 'https://serrbi-main-file-bucket.s3.amazonaws.com/services/images/manhattan_beauty_salon/image_2.jpg', 'https://serrbi-main-file-bucket.s3.amazonaws.com/services/images/manhattan_beauty_salon/image_3.jpg']",Esthetician,Beauty Salon,Experience top-notch skincare and beauty treatments in a serene Manhattan setting.,200,CAS,Casablanca,· +212 639-509491,4.5,7
Salon panorama 1,"['https://serrbi-main-file-bucket.s3.amazonaws.com/services/images/salon_panorama_1/image_1.jpg', 'https://serrbi-main-file-bucket.s3.amazonaws.com/services/images/salon_panorama_1/image_2.jpg', 'https://serrbi-main-file-bucket.s3.amazonaws.com/services/images/salon_panorama_1/image_3.jpg']",Esthetician,Esthetician,Experience rejuvenating skincare and beauty treatments at Salon Panorama 1.,200,CAS,Casablanca,· +212 5225-05272,3.4,24
Salon Art' Tiff,"['https://serrbi-main-file-bucket.s3.amazonaws.com/services/images/salon_art__tiff/image_1.jpg', 'https://serrbi-main-file-bucket.s3.amazonaws.com/services/images/salon_art__tiff/image_2.jpg', 'https://serrbi-main-file-bucket.s3.amazonaws.com/services/images/salon_art__tiff/image_3.jpg']",Esthetician,Esthetician,Transform your look with expert esthetician services at Salon Art Tiff.,200,CAS,Casablanca,· +212 5222-34161,4.4,93
MousBarber,"['https://serrbi-main-file-bucket.s3.amazonaws.com/services/images/mousbarber/image_1.jpg', 'https://serrbi-main-file-bucket.s3.amazonaws.com/services/images/mousbarber/image_2.jpg', 'https://serrbi-main-file-bucket.s3.amazonaws.com/services/images/mousbarber/image_3.jpg']",Esthetician,Pet Grooming,"Expert grooming services for your beloved pet, ensuring a stylish and healthy look.",200,CAS,Casablanca,· +212 657-230819,3.4,14
Salon de coiffure Ladiva beauty marrakech,"['https://serrbi-main-file-bucket.s3.amazonaws.com/services/images/salon_de_coiffure_ladiva_beauty_marrakech/image_1.jpg', 'https://serrbi-main-file-bucket.s3.amazonaws.com/services/images/salon_de_coiffure_ladiva_beauty_marrakech/image_2.jpg', 'https://serrbi-main-file-bucket.s3.amazonaws.com/services/images/salon_de_coiffure_ladiva_beauty_marrakech/image_3.jpg']",Esthetician,Hair Salon,Expert hairstyling and beauty services to enhance your look at Ladiva in Marrakech.,200,,,· +212 619-437262,3.7,54
Coiffure Housni,"['https://serrbi-main-file-bucket.s3.amazonaws.com/services/images/coiffure_housni/image_1.jpg', 'https://serrbi-main-file-bucket.s3.amazonaws.com/services/images/coiffure_housni/image_2.jpg', 'https://serrbi-main-file-bucket.s3.amazonaws.com/services/images/coiffure_housni/image_3.jpg']",Esthetician,Hair Salon,Expert hairdressing services with a focus on beauty and style.,200,CAS,Casablanca,· +212 5222-15477,3.2,10
BEAUTE MÈCHE & SILHOUETTE,"['https://serrbi-main-file-bucket.s3.amazonaws.com/services/images/beaute_m_che___silhouette/image_1.jpg', 'https://serrbi-main-file-bucket.s3.amazonaws.com/services/images/beaute_m_che___silhouette/image_2.jpg', 'https://serrbi-main-file-bucket.s3.amazonaws.com/services/images/beaute_m_che___silhouette/image_3.jpg']",Esthetician,Hair and Beauty Services,Expert hair coloring and silhouette styling for a stunning look.,200,CAS,Casablanca,· +212 662-131995,3.5,117
Naturally Siham,"['https://serrbi-main-file-bucket.s3.amazonaws.com/services/images/naturally_siham/image_1.jpg', 'https://serrbi-main-file-bucket.s3.amazonaws.com/services/images/naturally_siham/image_2.jpg', 'https://serrbi-main-file-bucket.s3.amazonaws.com/services/images/naturally_siham/image_3.jpg']",Esthetician,Skincare Services,Expert esthetician offering natural skincare treatments tailored to enhance your beauty and well-being.,200,,,· +212 627-903786,3.5,35
Académie du Lissage by Organic Hair & Beauty,"['https://serrbi-main-file-bucket.s3.amazonaws.com/services/images/acad_mie_du_lissage_by_organic_hair___beauty/image_1.jpg', 'https://serrbi-main-file-bucket.s3.amazonaws.com/services/images/acad_mie_du_lissage_by_organic_hair___beauty/image_2.jpg', 'https://serrbi-main-file-bucket.s3.amazonaws.com/services/images/acad_mie_du_lissage_by_organic_hair___beauty/image_3.jpg']",Esthetician,Hair Treatment,Expert hair smoothing treatments for a sleek and polished look.,200,CAS,Casablanca,· +212 679-546673,4.8,40
Le Boudoir Marrakech Majorelle,"['https://serrbi-main-file-bucket.s3.amazonaws.com/services/images/le_boudoir_marrakech_majorelle/image_1.jpg', 'https://serrbi-main-file-bucket.s3.amazonaws.com/services/images/le_boudoir_marrakech_majorelle/image_2.jpg', 'https://serrbi-main-file-bucket.s3.amazonaws.com/services/images/le_boudoir_marrakech_majorelle/image_3.jpg']",Esthetician,Spa,Experience luxurious beauty treatments and rejuvenating skincare in a serene Moroccan setting.,200,,,· +212 5244-48063,3.5,35
Salon de coiffure et esthétique à Casablanca L'ambassade,"['https://serrbi-main-file-bucket.s3.amazonaws.com/services/images/salon_de_coiffure_et_esth_tique___casablanca_l_ambassade/image_1.jpg', 'https://serrbi-main-file-bucket.s3.amazonaws.com/services/images/salon_de_coiffure_et_esth_tique___casablanca_l_ambassade/image_2.jpg', 'https://serrbi-main-file-bucket.s3.amazonaws.com/services/images/salon_de_coiffure_et_esth_tique___casablanca_l_ambassade/image_3.jpg']",Esthetician,Hair and Beauty Salon,Expert hair and beauty services in the heart of Casablanca.,200,CAS,Casablanca,· +212 5228-65556,4.6,7
CHRISTIAN GILLES,"['https://serrbi-main-file-bucket.s3.amazonaws.com/services/images/christian_gilles/image_1.jpg', 'https://serrbi-main-file-bucket.s3.amazonaws.com/services/images/christian_gilles/image_2.jpg', 'https://serrbi-main-file-bucket.s3.amazonaws.com/services/images/christian_gilles/image_3.jpg']",Esthetician,Skincare Services,Expert esthetician offering personalized skincare treatments in a relaxing environment.,200,,,· +212 5244-49426,3.8,24
Shiny Racine Salon,"['https://serrbi-main-file-bucket.s3.amazonaws.com/services/images/shiny_racine_salon/image_1.jpg', 'https://serrbi-main-file-bucket.s3.amazonaws.com/services/images/shiny_racine_salon/image_2.jpg', 'https://serrbi-main-file-bucket.s3.amazonaws.com/services/images/shiny_racine_salon/image_3.jpg']",Esthetician,Skincare,Expert esthetician services focused on skincare and beauty treatments for a radiant glow.,200,CAS,Casablanca,· +212 661-301931,3.8,81
Salon golden hair faissal,"['https://serrbi-main-file-bucket.s3.amazonaws.com/services/images/salon_golden_hair_faissal/image_1.jpg', 'https://serrbi-main-file-bucket.s3.amazonaws.com/services/images/salon_golden_hair_faissal/image_2.jpg', 'https://serrbi-main-file-bucket.s3.amazonaws.com/services/images/salon_golden_hair_faissal/image_3.jpg']",Esthetician,Hair Salon,Expert esthetician services specializing in hair styling and beauty treatments.,200,MAR,Safi,· +212 661-683111,4.0,94
Coiffeur Marrakech médina,"['https://serrbi-main-file-bucket.s3.amazonaws.com/services/images/coiffeur_marrakech_m_dina/image_1.jpg', 'https://serrbi-main-file-bucket.s3.amazonaws.com/services/images/coiffeur_marrakech_m_dina/image_2.jpg', 'https://serrbi-main-file-bucket.s3.amazonaws.com/services/images/coiffeur_marrakech_m_dina/image_3.jpg']",Esthetician,Hair Salon,Expert hair styling and beauty services in the heart of the Marrakech medina.,200,,,· +212 668-600021,3.7,143
The 99 Barbershop Casablanca,"['https://serrbi-main-file-bucket.s3.amazonaws.com/services/images/the_99_barbershop_casablanca/image_1.jpg', 'https://serrbi-main-file-bucket.s3.amazonaws.com/services/images/the_99_barbershop_casablanca/image_2.jpg', 'https://serrbi-main-file-bucket.s3.amazonaws.com/services/images/the_99_barbershop_casablanca/image_3.jpg']",Esthetician,Barbershop,Expert barbers providing stylish haircuts and grooming services in a comfortable atmosphere.,200,CAS,Casablanca,· +212 5229-40650,4.0,53
Manhattan Studio,"['https://serrbi-main-file-bucket.s3.amazonaws.com/services/images/manhattan_studio/image_1.jpg', 'https://serrbi-main-file-bucket.s3.amazonaws.com/services/images/manhattan_studio/image_2.jpg', 'https://serrbi-main-file-bucket.s3.amazonaws.com/services/images/manhattan_studio/image_3.jpg']",Esthetician,Spa Services,Expert skin treatments and personalized care to enhance your natural beauty.,200,CAS,Casablanca,· +212 674-371904,4.0,51
Salon De Coiffure Ciseau D'Or -chez IBRAHIM,"['https://serrbi-main-file-bucket.s3.amazonaws.com/services/images/salon_de_coiffure_ciseau_d_or_-chez_ibrahim/image_1.jpg', 'https://serrbi-main-file-bucket.s3.amazonaws.com/services/images/salon_de_coiffure_ciseau_d_or_-chez_ibrahim/image_2.jpg', 'https://serrbi-main-file-bucket.s3.amazonaws.com/services/images/salon_de_coiffure_ciseau_d_or_-chez_ibrahim/image_3.jpg']",Esthetician,Hair Salon,Expert hair and beauty services in a welcoming atmosphere.,200,,,· +212 618-551611,3.2,107
KHMISSA - Salon de Coiffure & Beauté Casablanca,"['https://serrbi-main-file-bucket.s3.amazonaws.com/services/images/khmissa_-_salon_de_coiffure___beaut__casablanca/image_1.jpg', 'https://serrbi-main-file-bucket.s3.amazonaws.com/services/images/khmissa_-_salon_de_coiffure___beaut__casablanca/image_2.jpg', 'https://serrbi-main-file-bucket.s3.amazonaws.com/services/images/khmissa_-_salon_de_coiffure___beaut__casablanca/image_3.jpg']",Esthetician,Salon,Experience top-notch hair and beauty services in a stylish atmosphere.,200,CAS,Casablanca,· +212 5223-97667,4.5,146
Salon Osaka (Coiffure Esthetique,"['https://serrbi-main-file-bucket.s3.amazonaws.com/services/images/salon_osaka__coiffure_esthetique/image_1.jpg', 'https://serrbi-main-file-bucket.s3.amazonaws.com/services/images/salon_osaka__coiffure_esthetique/image_2.jpg', 'https://serrbi-main-file-bucket.s3.amazonaws.com/services/images/salon_osaka__coiffure_esthetique/image_3.jpg']",Esthetician,Beauty Salon,Experience revitalizing beauty treatments and expert hair services at Salon Osaka.,200,CAS,Casablanca,· +212 5229-40333,3.0,142
Mood salon de coiffure,"['https://serrbi-main-file-bucket.s3.amazonaws.com/services/images/mood_salon_de_coiffure/image_1.jpg', 'https://serrbi-main-file-bucket.s3.amazonaws.com/services/images/mood_salon_de_coiffure/image_2.jpg', 'https://serrbi-main-file-bucket.s3.amazonaws.com/services/images/mood_salon_de_coiffure/image_3.jpg']",Esthetician,Hair Salon,A chic salon offering stylish haircuts and personalized beauty treatments.,200,CAS,Casablanca,· +212 611-967426,3.2,9
Hair Innovation,"['https://serrbi-main-file-bucket.s3.amazonaws.com/services/images/hair_innovation/image_1.jpg', 'https://serrbi-main-file-bucket.s3.amazonaws.com/services/images/hair_innovation/image_2.jpg', 'https://serrbi-main-file-bucket.s3.amazonaws.com/services/images/hair_innovation/image_3.jpg']",Esthetician,Hair Salon,Expert hair treatments and innovative styles tailored to enhance your beauty.,200,,,· +212 661-054855,3.6,137
Maison SB,"['https://serrbi-main-file-bucket.s3.amazonaws.com/services/images/maison_sb/image_1.jpg', 'https://serrbi-main-file-bucket.s3.amazonaws.com/services/images/maison_sb/image_2.jpg', 'https://serrbi-main-file-bucket.s3.amazonaws.com/services/images/maison_sb/image_3.jpg']",Esthetician,Esthetician,Expert esthetician services focused on enhancing beauty and relaxation in a serene environment.,200,CAS,Casablanca,· +212 5222-50240,4.4,65
Salon redouane Casablanca,"['https://serrbi-main-file-bucket.s3.amazonaws.com/services/images/salon_redouane_casablanca/image_1.jpg', 'https://serrbi-main-file-bucket.s3.amazonaws.com/services/images/salon_redouane_casablanca/image_2.jpg', 'https://serrbi-main-file-bucket.s3.amazonaws.com/services/images/salon_redouane_casablanca/image_3.jpg']",Esthetician,Beauty Salon,Expert esthetician services for rejuvenating beauty treatments in a soothing ambiance.,200,CAS,Casablanca,· +212 653-910392,3.1,117
113 atelier de coiffure Barber shop homme et femme,"['https://serrbi-main-file-bucket.s3.amazonaws.com/services/images/113_atelier_de_coiffure_barber_shop_homme_et_femme/image_1.jpg', 'https://serrbi-main-file-bucket.s3.amazonaws.com/services/images/113_atelier_de_coiffure_barber_shop_homme_et_femme/image_2.jpg', 'https://serrbi-main-file-bucket.s3.amazonaws.com/services/images/113_atelier_de_coiffure_barber_shop_homme_et_femme/image_3.jpg']",Esthetician,Barber Shop,Expert barbering and hairstyling for both men and women in a stylish atmosphere.,200,,,· +212 679-095892,4.6,118
Beauty Mirror,"['https://serrbi-main-file-bucket.s3.amazonaws.com/services/images/beauty_mirror/image_1.jpg', 'https://serrbi-main-file-bucket.s3.amazonaws.com/services/images/beauty_mirror/image_2.jpg', 'https://serrbi-main-file-bucket.s3.amazonaws.com/services/images/beauty_mirror/image_3.jpg']",Esthetician,Esthetician Service,Enhance your beauty with expert mirror consultations and aesthetic treatments.,200,CAS,Casablanca,· +212 609-815053,3.9,115
Duo By Noor,"['https://serrbi-main-file-bucket.s3.amazonaws.com/services/images/duo_by_noor/image_1.jpg', 'https://serrbi-main-file-bucket.s3.amazonaws.com/services/images/duo_by_noor/image_2.jpg', 'https://serrbi-main-file-bucket.s3.amazonaws.com/services/images/duo_by_noor/image_3.jpg']",Esthetician,Skincare,Expert esthetician services offering personalized skincare and beauty treatments for glowing skin.,200,CAS,Casablanca,· +212 5229-51705,3.1,127
Karppes Center,"['https://serrbi-main-file-bucket.s3.amazonaws.com/services/images/karppes_center/image_1.jpg', 'https://serrbi-main-file-bucket.s3.amazonaws.com/services/images/karppes_center/image_2.jpg', 'https://serrbi-main-file-bucket.s3.amazonaws.com/services/images/karppes_center/image_3.jpg']",Esthetician,Esthetician Services,Revitalize your skin with our expert esthetician services at Karppes Center.,200,CAS,Casablanca,· +212 662-135750,4.2,146
Salon Panorama 2,"['https://serrbi-main-file-bucket.s3.amazonaws.com/services/images/salon_panorama_2/image_1.jpg', 'https://serrbi-main-file-bucket.s3.amazonaws.com/services/images/salon_panorama_2/image_2.jpg', 'https://serrbi-main-file-bucket.s3.amazonaws.com/services/images/salon_panorama_2/image_3.jpg']",Esthetician,Skin Care,Expert esthetician services for radiant skin and rejuvenation.,200,CAS,Casablanca,· +212 5222-17171,3.3,111
Le 7 Sept Maison de beauté,"['https://serrbi-main-file-bucket.s3.amazonaws.com/services/images/le_7_sept_maison_de_beaut_/image_1.jpg', 'https://serrbi-main-file-bucket.s3.amazonaws.com/services/images/le_7_sept_maison_de_beaut_/image_2.jpg', 'https://serrbi-main-file-bucket.s3.amazonaws.com/services/images/le_7_sept_maison_de_beaut_/image_3.jpg']",Esthetician,Beauty Salon,Relax and rejuvenate with expert beauty treatments in a serene atmosphere.,200,CAS,Casablanca,· +212 8086-99265,3.1,51
Salon Reda Officiel,"['https://serrbi-main-file-bucket.s3.amazonaws.com/services/images/salon_reda_officiel/image_1.jpg', 'https://serrbi-main-file-bucket.s3.amazonaws.com/services/images/salon_reda_officiel/image_2.jpg', 'https://serrbi-main-file-bucket.s3.amazonaws.com/services/images/salon_reda_officiel/image_3.jpg']",Esthetician,Spa and Esthetician Services,Expert esthetician services for radiant skin and relaxation.,200,CAS,Casablanca,· +212 644-273335,3.8,129
Le Bar a lissage casablanca,"['https://serrbi-main-file-bucket.s3.amazonaws.com/services/images/le_bar_a_lissage_casablanca/image_1.jpg', 'https://serrbi-main-file-bucket.s3.amazonaws.com/services/images/le_bar_a_lissage_casablanca/image_2.jpg', 'https://serrbi-main-file-bucket.s3.amazonaws.com/services/images/le_bar_a_lissage_casablanca/image_3.jpg']",Esthetician,Hair Smoothing Service,Expert hair smoothing and treatment services in a welcoming atmosphere.,200,CAS,Casablanca,· +212 5228-06363,4.7,90
L'Institut Casablanca,"['https://serrbi-main-file-bucket.s3.amazonaws.com/services/images/l_institut_casablanca/image_1.jpg', 'https://serrbi-main-file-bucket.s3.amazonaws.com/services/images/l_institut_casablanca/image_2.jpg', 'https://serrbi-main-file-bucket.s3.amazonaws.com/services/images/l_institut_casablanca/image_3.jpg']",Esthetician,Esthetician,Expert esthetician services offering facial treatments and skincare solutions in a serene environment.,200,CAS,Casablanca,nan,4.1,20
Barber Espresso,"['https://serrbi-main-file-bucket.s3.amazonaws.com/services/images/barber_espresso/image_1.jpg', 'https://serrbi-main-file-bucket.s3.amazonaws.com/services/images/barber_espresso/image_2.jpg', 'https://serrbi-main-file-bucket.s3.amazonaws.com/services/images/barber_espresso/image_3.jpg']",Esthetician,Barber Shop,Expert barbers offering precision haircuts and premium espresso drinks in a stylish atmosphere.,200,,,· +212 780-910510,4.5,132
Coiffeur Tarik,"['https://serrbi-main-file-bucket.s3.amazonaws.com/services/images/coiffeur_tarik/image_1.jpg', 'https://serrbi-main-file-bucket.s3.amazonaws.com/services/images/coiffeur_tarik/image_2.jpg', 'https://serrbi-main-file-bucket.s3.amazonaws.com/services/images/coiffeur_tarik/image_3.jpg']",Esthetician,Hair Salon,Expert hairstyling and grooming services to enhance your natural beauty.,200,CAS,Casablanca,+212 772-727224,4.3,146
Salon Chaouqi,"['https://serrbi-main-file-bucket.s3.amazonaws.com/services/images/salon_chaouqi/image_1.jpg', 'https://serrbi-main-file-bucket.s3.amazonaws.com/services/images/salon_chaouqi/image_2.jpg', 'https://serrbi-main-file-bucket.s3.amazonaws.com/services/images/salon_chaouqi/image_3.jpg']",Esthetician,Skincare Services,Expert esthetician services focusing on skincare and beauty treatments.,200,CAS,Casablanca,· +212 5222-53843,4.9,148
لباف,"['https://serrbi-main-file-bucket.s3.amazonaws.com/services/images/____/image_1.jpg', 'https://serrbi-main-file-bucket.s3.amazonaws.com/services/images/____/image_2.jpg', 'https://serrbi-main-file-bucket.s3.amazonaws.com/services/images/____/image_3.jpg']",Esthetician,Esthetician,Expert esthetician services for all your skincare and beauty needs.,200,,,· +212 640-046602,3.8,71
Salon Taslite,"['https://serrbi-main-file-bucket.s3.amazonaws.com/services/images/salon_taslite/image_1.jpg', 'https://serrbi-main-file-bucket.s3.amazonaws.com/services/images/salon_taslite/image_2.jpg', 'https://serrbi-main-file-bucket.s3.amazonaws.com/services/images/salon_taslite/image_3.jpg']",Esthetician,Esthetician Services,Expert esthetician services for radiant skin and rejuvenating treatments.,200,CAS,Casablanca,· +212 5228-50303,4.3,66
235th Barber Street Marrakech,"['https://serrbi-main-file-bucket.s3.amazonaws.com/services/images/235th_barber_street_marrakech/image_1.jpg', 'https://serrbi-main-file-bucket.s3.amazonaws.com/services/images/235th_barber_street_marrakech/image_2.jpg', 'https://serrbi-main-file-bucket.s3.amazonaws.com/services/images/235th_barber_street_marrakech/image_3.jpg']",Esthetician,Beauty Spa,Expert esthetician services offering skincare and beauty treatments in a welcoming environment.,200,,,· +212 666-860166,4.7,30
Razor Bros,"['https://serrbi-main-file-bucket.s3.amazonaws.com/services/images/razor_bros/image_1.jpg', 'https://serrbi-main-file-bucket.s3.amazonaws.com/services/images/razor_bros/image_2.jpg', 'https://serrbi-main-file-bucket.s3.amazonaws.com/services/images/razor_bros/image_3.jpg']",Esthetician,Beauty Services,Expert esthetician services for radiant skin and personalized beauty treatments.,200,CAS,Casablanca,· +212 520-630289,4.4,32
The House Elite barber,"['https://serrbi-main-file-bucket.s3.amazonaws.com/services/images/the_house_elite_barber/image_1.jpg', 'https://serrbi-main-file-bucket.s3.amazonaws.com/services/images/the_house_elite_barber/image_2.jpg', 'https://serrbi-main-file-bucket.s3.amazonaws.com/services/images/the_house_elite_barber/image_3.jpg']",Esthetician,Barber Shop,Expert grooming and skincare services to elevate your look and confidence.,200,CAS,Casablanca,· +212 669-610183,4.3,95
Salon En Paticulier SG.,"['https://serrbi-main-file-bucket.s3.amazonaws.com/services/images/salon_en_paticulier_sg_/image_1.jpg', 'https://serrbi-main-file-bucket.s3.amazonaws.com/services/images/salon_en_paticulier_sg_/image_2.jpg', 'https://serrbi-main-file-bucket.s3.amazonaws.com/services/images/salon_en_paticulier_sg_/image_3.jpg']",Esthetician,Esthetician Services,Expert esthetician services offering personalized skincare treatments for radiant skin.,200,,,· +212 628-249953,3.5,126
Coiffeur Ennasim,"['https://serrbi-main-file-bucket.s3.amazonaws.com/services/images/coiffeur_ennasim/image_1.jpg', 'https://serrbi-main-file-bucket.s3.amazonaws.com/services/images/coiffeur_ennasim/image_2.jpg', 'https://serrbi-main-file-bucket.s3.amazonaws.com/services/images/coiffeur_ennasim/image_3.jpg']",Esthetician,Hair Salon,Expert hairstyling and beauty treatments tailored to your individual style.,200,CAS,Casablanca,nan,3.3,147
Salon moudakkir Charaf,"['https://serrbi-main-file-bucket.s3.amazonaws.com/services/images/salon_moudakkir_charaf/image_1.jpg', 'https://serrbi-main-file-bucket.s3.amazonaws.com/services/images/salon_moudakkir_charaf/image_2.jpg', 'https://serrbi-main-file-bucket.s3.amazonaws.com/services/images/salon_moudakkir_charaf/image_3.jpg']",Esthetician,Skincare Services,Expert esthetician services providing rejuvenating skincare and beauty treatments.,200,,,· +212 666-645151,4.8,55
مراد الحلاق Mourad coiffeur,"['https://serrbi-main-file-bucket.s3.amazonaws.com/services/images/____________mourad_coiffeur/image_1.jpg', 'https://serrbi-main-file-bucket.s3.amazonaws.com/services/images/____________mourad_coiffeur/image_2.jpg', 'https://serrbi-main-file-bucket.s3.amazonaws.com/services/images/____________mourad_coiffeur/image_3.jpg']",Esthetician,Hair Salon,"Expert hair cutting and styling services by Mourad, tailored to your unique look.",200,,,nan,3.9,10
"NS HOUSE OF BEAUTY , Salon, beauté , coiffure (coiffeur) , Femme (Manucure russe, Pédicure, Microblading, Onglerie, cils)","['https://serrbi-main-file-bucket.s3.amazonaws.com/services/images/ns_house_of_beauty___salon__beaut____coiffure__coiffeur____femme__manucure_russe__p_dicure__microblading__onglerie__cils_/image_1.jpg', 'https://serrbi-main-file-bucket.s3.amazonaws.com/services/images/ns_house_of_beauty___salon__beaut____coiffure__coiffeur____femme__manucure_russe__p_dicure__microblading__onglerie__cils_/image_2.jpg', 'https://serrbi-main-file-bucket.s3.amazonaws.com/services/images/ns_house_of_beauty___salon__beaut____coiffure__coiffeur____femme__manucure_russe__p_dicure__microblading__onglerie__cils_/image_3.jpg']",Esthetician,Beauty Salon,"Offering a range of beauty services including hair, nails, and microblading for women.",200,CAS,Casablanca,· +212 661-610977,4.9,65
Salon Lady SPA Marrakech,"['https://serrbi-main-file-bucket.s3.amazonaws.com/services/images/salon_lady_spa_marrakech/image_1.jpg', 'https://serrbi-main-file-bucket.s3.amazonaws.com/services/images/salon_lady_spa_marrakech/image_2.jpg', 'https://serrbi-main-file-bucket.s3.amazonaws.com/services/images/salon_lady_spa_marrakech/image_3.jpg']",Esthetician,Beauty Spa,Relax and rejuvenate with expert beauty treatments at our Marrakech salon.,200,,,· +212 721-162160,4.5,82
Salon de coiffure pour homme,"['https://serrbi-main-file-bucket.s3.amazonaws.com/services/images/salon_de_coiffure_pour_homme/image_1.jpg', 'https://serrbi-main-file-bucket.s3.amazonaws.com/services/images/salon_de_coiffure_pour_homme/image_2.jpg', 'https://serrbi-main-file-bucket.s3.amazonaws.com/services/images/salon_de_coiffure_pour_homme/image_3.jpg']",Esthetician,Barber Shop,Expert grooming and stylish haircuts tailored for men.,200,,,nan,3.5,143
Salon Mehdi Benbarka,"['https://serrbi-main-file-bucket.s3.amazonaws.com/services/images/salon_mehdi_benbarka/image_1.jpg', 'https://serrbi-main-file-bucket.s3.amazonaws.com/services/images/salon_mehdi_benbarka/image_2.jpg', 'https://serrbi-main-file-bucket.s3.amazonaws.com/services/images/salon_mehdi_benbarka/image_3.jpg']",Esthetician,Esthetician,Expert esthetic services for beauty and relaxation in a welcoming atmosphere.,200,CAS,Casablanca,· +212 672-836314,4.3,91
Salon Paul Montana,"['https://serrbi-main-file-bucket.s3.amazonaws.com/services/images/salon_paul_montana/image_1.jpg', 'https://serrbi-main-file-bucket.s3.amazonaws.com/services/images/salon_paul_montana/image_2.jpg', 'https://serrbi-main-file-bucket.s3.amazonaws.com/services/images/salon_paul_montana/image_3.jpg']",Esthetician,Esthetician Services,Expert esthetician services specializing in skincare and beauty treatments.,200,CAS,Casablanca,· +212 664-227144,3.6,55
Salon Estebel & Spa,"['https://serrbi-main-file-bucket.s3.amazonaws.com/services/images/salon_estebel___spa/image_1.jpg', 'https://serrbi-main-file-bucket.s3.amazonaws.com/services/images/salon_estebel___spa/image_2.jpg', 'https://serrbi-main-file-bucket.s3.amazonaws.com/services/images/salon_estebel___spa/image_3.jpg']",Esthetician,Spa and Wellness,Relax and rejuvenate with expert esthetician services at Salon Estebel & Spa.,200,,,· +212 5244-33232,3.3,95
Bold Beauty Lounge,"['https://serrbi-main-file-bucket.s3.amazonaws.com/services/images/bold_beauty_lounge/image_1.jpg', 'https://serrbi-main-file-bucket.s3.amazonaws.com/services/images/bold_beauty_lounge/image_2.jpg', 'https://serrbi-main-file-bucket.s3.amazonaws.com/services/images/bold_beauty_lounge/image_3.jpg']",Esthetician,Esthetician,Revitalize your skin with personalized treatments at Bold Beauty Lounge.,200,CAS,Casablanca,· +212 619-249249,3.6,103
Coiffeur Haddia mehdi,"['https://serrbi-main-file-bucket.s3.amazonaws.com/services/images/coiffeur_haddia_mehdi/image_1.jpg', 'https://serrbi-main-file-bucket.s3.amazonaws.com/services/images/coiffeur_haddia_mehdi/image_2.jpg', 'https://serrbi-main-file-bucket.s3.amazonaws.com/services/images/coiffeur_haddia_mehdi/image_3.jpg']",Esthetician,Hair Salon,Expert haircuts and styling services by Coiffeur Haddia Mehdi for a stunning look.,200,MAR,Safi,· +212 629-943162,4.6,21
Villa Hair : Beauty Centre,"['https://serrbi-main-file-bucket.s3.amazonaws.com/services/images/villa_hair___beauty_centre/image_1.jpg', 'https://serrbi-main-file-bucket.s3.amazonaws.com/services/images/villa_hair___beauty_centre/image_2.jpg', 'https://serrbi-main-file-bucket.s3.amazonaws.com/services/images/villa_hair___beauty_centre/image_3.jpg']",Esthetician,Beauty Salon,Expert esthetician services offering luxurious hair and beauty treatments.,200,CAS,Casablanca,· +212 5223-51382,4.7,97
Salon Hollywood,"['https://serrbi-main-file-bucket.s3.amazonaws.com/services/images/salon_hollywood/image_1.jpg', 'https://serrbi-main-file-bucket.s3.amazonaws.com/services/images/salon_hollywood/image_2.jpg', 'https://serrbi-main-file-bucket.s3.amazonaws.com/services/images/salon_hollywood/image_3.jpg']",Esthetician,Esthetician,"Expert esthetician services offering skincare, facials, and beauty treatments for a glowing complexion.",200,CAS,Casablanca,· +212 5225-24566,4.3,25
Salon Palace,"['https://serrbi-main-file-bucket.s3.amazonaws.com/services/images/salon_palace/image_1.jpg', 'https://serrbi-main-file-bucket.s3.amazonaws.com/services/images/salon_palace/image_2.jpg', 'https://serrbi-main-file-bucket.s3.amazonaws.com/services/images/salon_palace/image_3.jpg']",Esthetician,Esthetician Services,Relax and rejuvenate with expert skincare and beauty treatments at Salon Palace.,200,CAS,Casablanca,· +212 5229-41296,5.0,149
Audace Beauté & Spa,"['https://serrbi-main-file-bucket.s3.amazonaws.com/services/images/audace_beaut____spa/image_1.jpg', 'https://serrbi-main-file-bucket.s3.amazonaws.com/services/images/audace_beaut____spa/image_2.jpg', 'https://serrbi-main-file-bucket.s3.amazonaws.com/services/images/audace_beaut____spa/image_3.jpg']",Esthetician,Beauty Spa,Relax and rejuvenate with our premium spa and beauty treatments.,200,CAS,Casablanca,· +212 5222-20478,3.9,31
Coiffeur pour homme,"['https://serrbi-main-file-bucket.s3.amazonaws.com/services/images/coiffeur_pour_homme/image_1.jpg', 'https://serrbi-main-file-bucket.s3.amazonaws.com/services/images/coiffeur_pour_homme/image_2.jpg', 'https://serrbi-main-file-bucket.s3.amazonaws.com/services/images/coiffeur_pour_homme/image_3.jpg']",Esthetician,Barber Shop,Expert grooming and stylish cuts tailored for men.,200,CAS,Casablanca,nan,3.4,94
Saraya Beauty Salon,"['https://serrbi-main-file-bucket.s3.amazonaws.com/services/images/saraya_beauty_salon/image_1.jpg', 'https://serrbi-main-file-bucket.s3.amazonaws.com/services/images/saraya_beauty_salon/image_2.jpg', 'https://serrbi-main-file-bucket.s3.amazonaws.com/services/images/saraya_beauty_salon/image_3.jpg']",Esthetician,Beauty Salon,Expert esthetician services for radiant skin and rejuvenating treatments.,200,CAS,Casablanca,· +212 520-527491,4.8,127
Barber shop casablanca COUPE KING ️ Barber shop Casablanca oulfa.The barbershop casablanca.La meilleure BarberShop,"['https://serrbi-main-file-bucket.s3.amazonaws.com/services/images/barber_shop_casablanca_coupe_king___barber_shop_casablanca_oulfa_the_barbershop_casablanca_la_meilleure_barbershop/image_1.jpg', 'https://serrbi-main-file-bucket.s3.amazonaws.com/services/images/barber_shop_casablanca_coupe_king___barber_shop_casablanca_oulfa_the_barbershop_casablanca_la_meilleure_barbershop/image_2.jpg', 'https://serrbi-main-file-bucket.s3.amazonaws.com/services/images/barber_shop_casablanca_coupe_king___barber_shop_casablanca_oulfa_the_barbershop_casablanca_la_meilleure_barbershop/image_3.jpg']",Esthetician,Barber Shop,"Top-notch barber services in Casablanca, offering the best haircuts and grooming.",200,CAS,Casablanca,· +212 713-222324,5.0,54
Amazay,"['https://serrbi-main-file-bucket.s3.amazonaws.com/services/images/amazay/image_1.jpg', 'https://serrbi-main-file-bucket.s3.amazonaws.com/services/images/amazay/image_2.jpg', 'https://serrbi-main-file-bucket.s3.amazonaws.com/services/images/amazay/image_3.jpg']",Esthetician,Esthetician,Expert esthetician services for glowing skin and rejuvenating treatments.,200,CAS,Casablanca,· +212 630-681100,4.0,121
Zen look,"['https://serrbi-main-file-bucket.s3.amazonaws.com/services/images/zen_look/image_1.jpg', 'https://serrbi-main-file-bucket.s3.amazonaws.com/services/images/zen_look/image_2.jpg', 'https://serrbi-main-file-bucket.s3.amazonaws.com/services/images/zen_look/image_3.jpg']",Esthetician,Facial Treatments,Revitalize your skin with expert esthetician services tailored to your unique beauty needs.,200,CAS,Casablanca,· +212 5221-03563,3.8,89
Salon Ahmed pour Femme et hommes,"['https://serrbi-main-file-bucket.s3.amazonaws.com/services/images/salon_ahmed_pour_femme_et_hommes/image_1.jpg', 'https://serrbi-main-file-bucket.s3.amazonaws.com/services/images/salon_ahmed_pour_femme_et_hommes/image_2.jpg', 'https://serrbi-main-file-bucket.s3.amazonaws.com/services/images/salon_ahmed_pour_femme_et_hommes/image_3.jpg']",Esthetician,Unisex Salon,Expert hair and beauty services for both men and women in a welcoming atmosphere.,200,MAR,Safi,· +212 668-966459,4.2,79
Salon Zakaria,"['https://serrbi-main-file-bucket.s3.amazonaws.com/services/images/salon_zakaria/image_1.jpg', 'https://serrbi-main-file-bucket.s3.amazonaws.com/services/images/salon_zakaria/image_2.jpg', 'https://serrbi-main-file-bucket.s3.amazonaws.com/services/images/salon_zakaria/image_3.jpg']",Esthetician,Skincare Services,Expert esthetician offering personalized skincare and beauty treatments in a relaxing environment.,200,CAS,Casablanca,· +212 664-597401,5.0,11
Bogssni barber Meknes,"['https://serrbi-main-file-bucket.s3.amazonaws.com/services/images/bogssni_barber_meknes/image_1.jpg', 'https://serrbi-main-file-bucket.s3.amazonaws.com/services/images/bogssni_barber_meknes/image_2.jpg', 'https://serrbi-main-file-bucket.s3.amazonaws.com/services/images/bogssni_barber_meknes/image_3.jpg']",Esthetician,Barber Shop,Expert barbering services with a focus on style and precision in the heart of Meknes.,200,FES,Meknes,· +212 668-413711,4.1,89
Youssef Hair Creation,"['https://serrbi-main-file-bucket.s3.amazonaws.com/services/images/youssef_hair_creation/image_1.jpg', 'https://serrbi-main-file-bucket.s3.amazonaws.com/services/images/youssef_hair_creation/image_2.jpg', 'https://serrbi-main-file-bucket.s3.amazonaws.com/services/images/youssef_hair_creation/image_3.jpg']",Esthetician,Hair Salon,Expert hair styling and personalized services for a stunning look.,200,CAS,Casablanca,· +212 5222-33787,4.7,41
Laskarina,"['https://serrbi-main-file-bucket.s3.amazonaws.com/services/images/laskarina/image_1.jpg', 'https://serrbi-main-file-bucket.s3.amazonaws.com/services/images/laskarina/image_2.jpg', 'https://serrbi-main-file-bucket.s3.amazonaws.com/services/images/laskarina/image_3.jpg']",Esthetician,Aesthetic Services,Expert esthetician offering personalized skin care and beauty treatments.,200,CAS,Casablanca,· +212 689-864103,3.7,68
Salon Bizouran,"['https://serrbi-main-file-bucket.s3.amazonaws.com/services/images/salon_bizouran/image_1.jpg', 'https://serrbi-main-file-bucket.s3.amazonaws.com/services/images/salon_bizouran/image_2.jpg', 'https://serrbi-main-file-bucket.s3.amazonaws.com/services/images/salon_bizouran/image_3.jpg']",Esthetician,Skincare,Expert esthetician services for glowing skin and rejuvenation.,200,,,· +212 5222-95082,3.7,33
Studio Joe,"['https://serrbi-main-file-bucket.s3.amazonaws.com/services/images/studio_joe/image_1.jpg', 'https://serrbi-main-file-bucket.s3.amazonaws.com/services/images/studio_joe/image_2.jpg', 'https://serrbi-main-file-bucket.s3.amazonaws.com/services/images/studio_joe/image_3.jpg']",Esthetician,Esthetician,Expert esthetician services for glowing skin and personalized beauty treatments.,200,CAS,Casablanca,· +212 5229-42171,4.5,26
Pause VIP Salon de coiffure,"['https://serrbi-main-file-bucket.s3.amazonaws.com/services/images/pause_vip_salon_de_coiffure/image_1.jpg', 'https://serrbi-main-file-bucket.s3.amazonaws.com/services/images/pause_vip_salon_de_coiffure/image_2.jpg', 'https://serrbi-main-file-bucket.s3.amazonaws.com/services/images/pause_vip_salon_de_coiffure/image_3.jpg']",Esthetician,Hair Salon,Exclusive hair styling and beauty treatments in a luxurious setting.,200,CAS,Casablanca,· +212 5227-96674,3.6,147
Barber store,"['https://serrbi-main-file-bucket.s3.amazonaws.com/services/images/barber_store/image_1.jpg', 'https://serrbi-main-file-bucket.s3.amazonaws.com/services/images/barber_store/image_2.jpg', 'https://serrbi-main-file-bucket.s3.amazonaws.com/services/images/barber_store/image_3.jpg']",Esthetician,Barber Shop,Expert haircuts and grooming services for all styles in a friendly atmosphere.,200,,,· +212 661-112342,4.8,120
Beauty Salon by Yasmin – Sofitel Marrakech,"['https://serrbi-main-file-bucket.s3.amazonaws.com/services/images/beauty_salon_by_yasmin___sofitel_marrakech/image_1.jpg', 'https://serrbi-main-file-bucket.s3.amazonaws.com/services/images/beauty_salon_by_yasmin___sofitel_marrakech/image_2.jpg', 'https://serrbi-main-file-bucket.s3.amazonaws.com/services/images/beauty_salon_by_yasmin___sofitel_marrakech/image_3.jpg']",Esthetician,Beauty Salon,Luxurious beauty treatments and expert esthetic services in a serene Marrakech setting.,200,,,nan,3.1,70
M.T.O. Coiffure by Ludovic,"['https://serrbi-main-file-bucket.s3.amazonaws.com/services/images/m_t_o__coiffure_by_ludovic/image_1.jpg', 'https://serrbi-main-file-bucket.s3.amazonaws.com/services/images/m_t_o__coiffure_by_ludovic/image_2.jpg', 'https://serrbi-main-file-bucket.s3.amazonaws.com/services/images/m_t_o__coiffure_by_ludovic/image_3.jpg']",Esthetician,Hair Salon,Expert hair styling and grooming services tailored to your unique look.,200,,,· +212 5244-32224,4.2,66
MUSKA Beauty & Spa,"['https://serrbi-main-file-bucket.s3.amazonaws.com/services/images/muska_beauty___spa/image_1.jpg', 'https://serrbi-main-file-bucket.s3.amazonaws.com/services/images/muska_beauty___spa/image_2.jpg', 'https://serrbi-main-file-bucket.s3.amazonaws.com/services/images/muska_beauty___spa/image_3.jpg']",Esthetician,Beauty and Spa,Relax and rejuvenate with our luxurious beauty and spa treatments.,200,,,· +212 661-432278,4.9,119
Coiffure Atlas,"['https://serrbi-main-file-bucket.s3.amazonaws.com/services/images/coiffure_atlas/image_1.jpg', 'https://serrbi-main-file-bucket.s3.amazonaws.com/services/images/coiffure_atlas/image_2.jpg', 'https://serrbi-main-file-bucket.s3.amazonaws.com/services/images/coiffure_atlas/image_3.jpg']",Esthetician,Hair Salon,Expert hair styling and personal care services in a relaxing environment.,200,,,nan,4.5,88
Cazance,"['https://serrbi-main-file-bucket.s3.amazonaws.com/services/images/cazance/image_1.jpg', 'https://serrbi-main-file-bucket.s3.amazonaws.com/services/images/cazance/image_2.jpg', 'https://serrbi-main-file-bucket.s3.amazonaws.com/services/images/cazance/image_3.jpg']",Esthetician,Skincare,Expert esthetician services for radiant skin and rejuvenating treatments.,200,,,· +212 664-114546,3.1,137
Salon CHRIS Coiffure & Esthétique,"['https://serrbi-main-file-bucket.s3.amazonaws.com/services/images/salon_chris_coiffure___esth_tique/image_1.jpg', 'https://serrbi-main-file-bucket.s3.amazonaws.com/services/images/salon_chris_coiffure___esth_tique/image_2.jpg', 'https://serrbi-main-file-bucket.s3.amazonaws.com/services/images/salon_chris_coiffure___esth_tique/image_3.jpg']",Esthetician,Salon,Expert hair styling and aesthetic treatments in a welcoming environment.,200,,,· +212 5244-31413,3.5,36
Zara Coiffure,"['https://serrbi-main-file-bucket.s3.amazonaws.com/services/images/zara_coiffure/image_1.jpg', 'https://serrbi-main-file-bucket.s3.amazonaws.com/services/images/zara_coiffure/image_2.jpg', 'https://serrbi-main-file-bucket.s3.amazonaws.com/services/images/zara_coiffure/image_3.jpg']",Esthetician,Hair Salon,Expert hair and beauty solutions tailored to enhance your unique style.,200,DRA,Tinghir,· +212 706-329933,4.2,9
Salon hair spa,"['https://serrbi-main-file-bucket.s3.amazonaws.com/services/images/salon_hair_spa/image_1.jpg', 'https://serrbi-main-file-bucket.s3.amazonaws.com/services/images/salon_hair_spa/image_2.jpg', 'https://serrbi-main-file-bucket.s3.amazonaws.com/services/images/salon_hair_spa/image_3.jpg']",Esthetician,Hair Spa,Revitalize your hair with our luxurious salon spa treatments tailored just for you.,200,CAS,Casablanca,· +212 5224-02292,4.7,130
THE FIRST CLASS,"['https://serrbi-main-file-bucket.s3.amazonaws.com/services/images/the_first_class/image_1.jpg', 'https://serrbi-main-file-bucket.s3.amazonaws.com/services/images/the_first_class/image_2.jpg', 'https://serrbi-main-file-bucket.s3.amazonaws.com/services/images/the_first_class/image_3.jpg']",Esthetician,Esthetician,Luxurious esthetician services focused on enhancing your natural beauty and well-being.,200,RAB,Kenitra,· +212 777-454812,4.7,142
Barber Stars,"['https://serrbi-main-file-bucket.s3.amazonaws.com/services/images/barber_stars/image_1.jpg', 'https://serrbi-main-file-bucket.s3.amazonaws.com/services/images/barber_stars/image_2.jpg', 'https://serrbi-main-file-bucket.s3.amazonaws.com/services/images/barber_stars/image_3.jpg']",Esthetician,Barber Shop,Expert barbers delivering stylish haircuts and grooming services.,200,,,· +212 525-076666,3.8,11
MATADI Barber Shop,"['https://serrbi-main-file-bucket.s3.amazonaws.com/services/images/matadi_barber_shop/image_1.jpg', 'https://serrbi-main-file-bucket.s3.amazonaws.com/services/images/matadi_barber_shop/image_2.jpg', 'https://serrbi-main-file-bucket.s3.amazonaws.com/services/images/matadi_barber_shop/image_3.jpg']",Esthetician,Barber Shop,Expert haircuts and grooming services tailored for every client.,200,,,· +212 634-518190,3.2,46
Coiffeur anass ezzaki,"['https://serrbi-main-file-bucket.s3.amazonaws.com/services/images/coiffeur_anass_ezzaki/image_1.jpg', 'https://serrbi-main-file-bucket.s3.amazonaws.com/services/images/coiffeur_anass_ezzaki/image_2.jpg', 'https://serrbi-main-file-bucket.s3.amazonaws.com/services/images/coiffeur_anass_ezzaki/image_3.jpg']",Esthetician,Hair Salon,Expert hair styling and grooming services tailored to your unique style.,200,CAS,Casablanca,nan,3.6,138
Coiffeur El Bouti,"['https://serrbi-main-file-bucket.s3.amazonaws.com/services/images/coiffeur_el_bouti/image_1.jpg', 'https://serrbi-main-file-bucket.s3.amazonaws.com/services/images/coiffeur_el_bouti/image_2.jpg', 'https://serrbi-main-file-bucket.s3.amazonaws.com/services/images/coiffeur_el_bouti/image_3.jpg']",Esthetician,Hair Salon,Expert hair styling and personalized beauty treatments in a welcoming atmosphere.,200,CAS,Casablanca,· +212 5228-64361,4.1,10
Salon New York de Coiffure Hommes,"['https://serrbi-main-file-bucket.s3.amazonaws.com/services/images/salon_new_york_de_coiffure_hommes/image_1.jpg', 'https://serrbi-main-file-bucket.s3.amazonaws.com/services/images/salon_new_york_de_coiffure_hommes/image_2.jpg', 'https://serrbi-main-file-bucket.s3.amazonaws.com/services/images/salon_new_york_de_coiffure_hommes/image_3.jpg']",Esthetician,Hair Salon,Experience top-notch haircuts and grooming tailored for men at our salon.,200,,,· +212 616-559020,3.7,148
Salon Hair Secret,"['https://serrbi-main-file-bucket.s3.amazonaws.com/services/images/salon_hair_secret/image_1.jpg', 'https://serrbi-main-file-bucket.s3.amazonaws.com/services/images/salon_hair_secret/image_2.jpg', 'https://serrbi-main-file-bucket.s3.amazonaws.com/services/images/salon_hair_secret/image_3.jpg']",Esthetician,Hair Salon,Experience personalized hair care and styling tailored just for you.,200,CAS,Casablanca,· +212 655-798559,3.4,109
Salon Said hair stylist,"['https://serrbi-main-file-bucket.s3.amazonaws.com/services/images/salon_said_hair_stylist/image_1.jpg', 'https://serrbi-main-file-bucket.s3.amazonaws.com/services/images/salon_said_hair_stylist/image_2.jpg', 'https://serrbi-main-file-bucket.s3.amazonaws.com/services/images/salon_said_hair_stylist/image_3.jpg']",Esthetician,Hair Salon,Expert hair styling and personalized care for every client.,200,CAS,Casablanca,· +212 675-405150,3.3,115
Beauty Club,"['https://serrbi-main-file-bucket.s3.amazonaws.com/services/images/beauty_club/image_1.jpg', 'https://serrbi-main-file-bucket.s3.amazonaws.com/services/images/beauty_club/image_2.jpg', 'https://serrbi-main-file-bucket.s3.amazonaws.com/services/images/beauty_club/image_3.jpg']",Esthetician,Esthetician Service,Revitalize your skin with personalized esthetician treatments at Beauty Club.,200,RAB,Rabat,· +212 5377-79434,4.1,111
Salon Station Louis XVI,"['https://serrbi-main-file-bucket.s3.amazonaws.com/services/images/salon_station_louis_xvi/image_1.jpg', 'https://serrbi-main-file-bucket.s3.amazonaws.com/services/images/salon_station_louis_xvi/image_2.jpg', 'https://serrbi-main-file-bucket.s3.amazonaws.com/services/images/salon_station_louis_xvi/image_3.jpg']",Esthetician,Spa and Skincare,Indulge in luxurious skincare treatments at Salon Station Louis XVI for the ultimate pampering experience.,200,,,· +212 5244-58837,3.5,79
Revolv'hair by Abdel Styles,"['https://serrbi-main-file-bucket.s3.amazonaws.com/services/images/revolv_hair_by_abdel_styles/image_1.jpg', 'https://serrbi-main-file-bucket.s3.amazonaws.com/services/images/revolv_hair_by_abdel_styles/image_2.jpg', 'https://serrbi-main-file-bucket.s3.amazonaws.com/services/images/revolv_hair_by_abdel_styles/image_3.jpg']",Esthetician,Hair Salon,Expert hair styling and care to enhance your natural beauty.,200,CAS,Casablanca,· +212 613-993719,4.8,96
The BarberShop - Carre Eden,"['https://serrbi-main-file-bucket.s3.amazonaws.com/services/images/the_barbershop_-_carre_eden/image_1.jpg', 'https://serrbi-main-file-bucket.s3.amazonaws.com/services/images/the_barbershop_-_carre_eden/image_2.jpg', 'https://serrbi-main-file-bucket.s3.amazonaws.com/services/images/the_barbershop_-_carre_eden/image_3.jpg']",Esthetician,Barbershop,Expert grooming and styling services in a chic environment.,200,,,· +212 650-050507,3.0,59
Ô Comptoir des Dames,"['https://serrbi-main-file-bucket.s3.amazonaws.com/services/images/__comptoir_des_dames/image_1.jpg', 'https://serrbi-main-file-bucket.s3.amazonaws.com/services/images/__comptoir_des_dames/image_2.jpg', 'https://serrbi-main-file-bucket.s3.amazonaws.com/services/images/__comptoir_des_dames/image_3.jpg']",Esthetician,Esthetician,Luxurious skincare and beauty treatments tailored for women at Ô Comptoir des Dames.,200,CAS,Casablanca,· +212 520-405270,3.1,26
Mishka institut,"['https://serrbi-main-file-bucket.s3.amazonaws.com/services/images/mishka_institut/image_1.jpg', 'https://serrbi-main-file-bucket.s3.amazonaws.com/services/images/mishka_institut/image_2.jpg', 'https://serrbi-main-file-bucket.s3.amazonaws.com/services/images/mishka_institut/image_3.jpg']",Esthetician,Skincare Services,Expert esthetician services focusing on skincare and beauty treatments.,200,CAS,Casablanca,· +212 660-196516,3.4,130
Centre de Beauté Barnak,"['https://serrbi-main-file-bucket.s3.amazonaws.com/services/images/centre_de_beaut__barnak/image_1.jpg', 'https://serrbi-main-file-bucket.s3.amazonaws.com/services/images/centre_de_beaut__barnak/image_2.jpg', 'https://serrbi-main-file-bucket.s3.amazonaws.com/services/images/centre_de_beaut__barnak/image_3.jpg']",Esthetician,Esthetician,Relaxing and rejuvenating esthetic services for glowing skin and overall well-being.,200,CAS,Casablanca,· +212 605-837799,4.8,14
Diamont's Hair,"['https://serrbi-main-file-bucket.s3.amazonaws.com/services/images/diamont_s_hair/image_1.jpg', 'https://serrbi-main-file-bucket.s3.amazonaws.com/services/images/diamont_s_hair/image_2.jpg', 'https://serrbi-main-file-bucket.s3.amazonaws.com/services/images/diamont_s_hair/image_3.jpg']",Esthetician,Hair Salon,Expert esthetician services specializing in hair care and styling for all occasions.,200,CAS,Casablanca,· +212 5222-75680,4.5,133
Coiffeur pour homme Al Ghiwane,"['https://serrbi-main-file-bucket.s3.amazonaws.com/services/images/coiffeur_pour_homme_al_ghiwane/image_1.jpg', 'https://serrbi-main-file-bucket.s3.amazonaws.com/services/images/coiffeur_pour_homme_al_ghiwane/image_2.jpg', 'https://serrbi-main-file-bucket.s3.amazonaws.com/services/images/coiffeur_pour_homme_al_ghiwane/image_3.jpg']",Esthetician,Barber Shop,Expert haircuts and grooming for men with a stylish touch.,200,,,· +212 601-041857,4.1,43
Salon Richelieu,"['https://serrbi-main-file-bucket.s3.amazonaws.com/services/images/salon_richelieu/image_1.jpg', 'https://serrbi-main-file-bucket.s3.amazonaws.com/services/images/salon_richelieu/image_2.jpg', 'https://serrbi-main-file-bucket.s3.amazonaws.com/services/images/salon_richelieu/image_3.jpg']",Esthetician,Esthetician Services,Expert esthetician services for radiant skin and rejuvenating treatments.,200,CAS,Casablanca,· +212 520-394769,3.5,101
Floralia,"['https://serrbi-main-file-bucket.s3.amazonaws.com/services/images/floralia/image_1.jpg', 'https://serrbi-main-file-bucket.s3.amazonaws.com/services/images/floralia/image_2.jpg', 'https://serrbi-main-file-bucket.s3.amazonaws.com/services/images/floralia/image_3.jpg']",Esthetician,Skincare and Beauty,Expert esthetician offering personalized skincare treatments and beauty consultations.,200,,,· +212 664-324677,3.8,34
Coiffure Hakim,"['https://serrbi-main-file-bucket.s3.amazonaws.com/services/images/coiffure_hakim/image_1.jpg', 'https://serrbi-main-file-bucket.s3.amazonaws.com/services/images/coiffure_hakim/image_2.jpg', 'https://serrbi-main-file-bucket.s3.amazonaws.com/services/images/coiffure_hakim/image_3.jpg']",Esthetician,Esthetician Services,Expert esthetician services for radiant skin and rejuvenating treatments.,200,,,· +212 660-639260,3.4,41
NEFERTITI Beauty Center Sidi Maarouf Casablanca,"['https://serrbi-main-file-bucket.s3.amazonaws.com/services/images/nefertiti_beauty_center_sidi_maarouf_casablanca/image_1.jpg', 'https://serrbi-main-file-bucket.s3.amazonaws.com/services/images/nefertiti_beauty_center_sidi_maarouf_casablanca/image_2.jpg', 'https://serrbi-main-file-bucket.s3.amazonaws.com/services/images/nefertiti_beauty_center_sidi_maarouf_casablanca/image_3.jpg']",Esthetician,Beauty Spa,Experience luxurious beauty treatments in a serene atmosphere at Nefertiti Beauty Center.,200,,,· +212 675-035046,5.0,147
Ihsane Cherqaoui Gérant De Coiffure Pour Homme Et Femme Soyer Le Bienvenue,"['https://serrbi-main-file-bucket.s3.amazonaws.com/services/images/ihsane_cherqaoui_g_rant_de_coiffure_pour_homme_et_femme_soyer_le_bienvenue/image_1.jpg', 'https://serrbi-main-file-bucket.s3.amazonaws.com/services/images/ihsane_cherqaoui_g_rant_de_coiffure_pour_homme_et_femme_soyer_le_bienvenue/image_2.jpg', 'https://serrbi-main-file-bucket.s3.amazonaws.com/services/images/ihsane_cherqaoui_g_rant_de_coiffure_pour_homme_et_femme_soyer_le_bienvenue/image_3.jpg']",Esthetician,Hair Salon,Expert hairdressing services for both men and women in a welcoming environment.,200,,,· +212 5263-40123,3.0,11
Free Look : Salon de Coiffure & Esthétique Marrakech,"['https://serrbi-main-file-bucket.s3.amazonaws.com/services/images/free_look___salon_de_coiffure___esth_tique_marrakech/image_1.jpg', 'https://serrbi-main-file-bucket.s3.amazonaws.com/services/images/free_look___salon_de_coiffure___esth_tique_marrakech/image_2.jpg', 'https://serrbi-main-file-bucket.s3.amazonaws.com/services/images/free_look___salon_de_coiffure___esth_tique_marrakech/image_3.jpg']",Esthetician,Beauty Salon,Expert hair and beauty services in a relaxing Marrakech setting.,200,,,· +212 611-123582,4.7,26
Asmaa Hair stylist,"['https://serrbi-main-file-bucket.s3.amazonaws.com/services/images/asmaa_hair_stylist/image_1.jpg', 'https://serrbi-main-file-bucket.s3.amazonaws.com/services/images/asmaa_hair_stylist/image_2.jpg', 'https://serrbi-main-file-bucket.s3.amazonaws.com/services/images/asmaa_hair_stylist/image_3.jpg']",Esthetician,Hair Salon,Talented hair stylist offering personalized cuts and styles for every occasion.,200,CAS,Casablanca,· +212 656-265265,3.5,101
Said hairstyle,"['https://serrbi-main-file-bucket.s3.amazonaws.com/services/images/said_hairstyle/image_1.jpg', 'https://serrbi-main-file-bucket.s3.amazonaws.com/services/images/said_hairstyle/image_2.jpg', 'https://serrbi-main-file-bucket.s3.amazonaws.com/services/images/said_hairstyle/image_3.jpg']",Esthetician,Hair Styling,Expertly crafted hairstyles to enhance your unique look and confidence.,200,CAS,Casablanca,nan,3.0,48
Charaf coiffure - Hommes,"['https://serrbi-main-file-bucket.s3.amazonaws.com/services/images/charaf_coiffure_-_hommes/image_1.jpg', 'https://serrbi-main-file-bucket.s3.amazonaws.com/services/images/charaf_coiffure_-_hommes/image_2.jpg', 'https://serrbi-main-file-bucket.s3.amazonaws.com/services/images/charaf_coiffure_-_hommes/image_3.jpg']",Esthetician,Men's Hair Salon,Expert haircuts and styling services for men in a welcoming environment.,200,,,nan,4.8,96
Jean Louis David - Kénitra,"['https://serrbi-main-file-bucket.s3.amazonaws.com/services/images/jean_louis_david_-_k_nitra/image_1.jpg', 'https://serrbi-main-file-bucket.s3.amazonaws.com/services/images/jean_louis_david_-_k_nitra/image_2.jpg', 'https://serrbi-main-file-bucket.s3.amazonaws.com/services/images/jean_louis_david_-_k_nitra/image_3.jpg']",Esthetician,Esthetician,Expert esthetician services offering skincare treatments and beauty enhancements.,200,RAB,Kenitra,· +212 5373-71274,4.2,21
BARBER STAR CASABLANCA,"['https://serrbi-main-file-bucket.s3.amazonaws.com/services/images/barber_star_casablanca/image_1.jpg', 'https://serrbi-main-file-bucket.s3.amazonaws.com/services/images/barber_star_casablanca/image_2.jpg', 'https://serrbi-main-file-bucket.s3.amazonaws.com/services/images/barber_star_casablanca/image_3.jpg']",Esthetician,Barber Shop,Expert barbering and grooming services for a stylish look in Casablanca.,200,CAS,Casablanca,· +212 668-366861,3.1,144
The Queen Beauty Institute Marrakech,"['https://serrbi-main-file-bucket.s3.amazonaws.com/services/images/the_queen_beauty_institute_marrakech/image_1.jpg', 'https://serrbi-main-file-bucket.s3.amazonaws.com/services/images/the_queen_beauty_institute_marrakech/image_2.jpg', 'https://serrbi-main-file-bucket.s3.amazonaws.com/services/images/the_queen_beauty_institute_marrakech/image_3.jpg']",Esthetician,Beauty Spa,Expert esthetician services focused on enhancing your natural beauty in a relaxing environment.,200,,,· +212 612-121218,3.6,150
Salon La Rose de Coiffure & Esthétique,"['https://serrbi-main-file-bucket.s3.amazonaws.com/services/images/salon_la_rose_de_coiffure___esth_tique/image_1.jpg', 'https://serrbi-main-file-bucket.s3.amazonaws.com/services/images/salon_la_rose_de_coiffure___esth_tique/image_2.jpg', 'https://serrbi-main-file-bucket.s3.amazonaws.com/services/images/salon_la_rose_de_coiffure___esth_tique/image_3.jpg']",Esthetician,Salon,Relax and rejuvenate with our expert esthetician services and hair care.,200,,,· +212 5243-17337,5.0,73
Salon Oscar - Salon De Coiffure Pour Homme Et Femme a Casablanca,"['https://serrbi-main-file-bucket.s3.amazonaws.com/services/images/salon_oscar_-_salon_de_coiffure_pour_homme_et_femme_a_casablanca/image_1.jpg', 'https://serrbi-main-file-bucket.s3.amazonaws.com/services/images/salon_oscar_-_salon_de_coiffure_pour_homme_et_femme_a_casablanca/image_2.jpg', 'https://serrbi-main-file-bucket.s3.amazonaws.com/services/images/salon_oscar_-_salon_de_coiffure_pour_homme_et_femme_a_casablanca/image_3.jpg']",Esthetician,Hair Salon,Expert haircuts and styling for both men and women in a chic environment.,200,CAS,Casablanca,· +212 5222-60388,3.7,52
"Viva Therapie Coiffeur, Esthétique","['https://serrbi-main-file-bucket.s3.amazonaws.com/services/images/viva_therapie_coiffeur__esth_tique/image_1.jpg', 'https://serrbi-main-file-bucket.s3.amazonaws.com/services/images/viva_therapie_coiffeur__esth_tique/image_2.jpg', 'https://serrbi-main-file-bucket.s3.amazonaws.com/services/images/viva_therapie_coiffeur__esth_tique/image_3.jpg']",Esthetician,Beauty Salon,Expert hair and beauty treatments for a rejuvenating experience.,200,CAS,Casablanca,· +212 661-412500,3.8,58
Khalid Barbier : gommage~Soin de visage,"['https://serrbi-main-file-bucket.s3.amazonaws.com/services/images/khalid_barbier___gommage_soin_de_visage/image_1.jpg', 'https://serrbi-main-file-bucket.s3.amazonaws.com/services/images/khalid_barbier___gommage_soin_de_visage/image_2.jpg', 'https://serrbi-main-file-bucket.s3.amazonaws.com/services/images/khalid_barbier___gommage_soin_de_visage/image_3.jpg']",Esthetician,Facial Spa,Revitalize your skin with Khalid's exfoliating gommage and rejuvenating facial treatments.,200,,,· +212 639-507097,3.5,110
HAIR SALON Mohamed PHILIPS,"['https://serrbi-main-file-bucket.s3.amazonaws.com/services/images/hair_salon_mohamed_philips/image_1.jpg', 'https://serrbi-main-file-bucket.s3.amazonaws.com/services/images/hair_salon_mohamed_philips/image_2.jpg', 'https://serrbi-main-file-bucket.s3.amazonaws.com/services/images/hair_salon_mohamed_philips/image_3.jpg']",Esthetician,Hair Salon,Expert hair styling and treatment services with personalized care.,200,SOU,Agadir,nan,3.9,37
Le Boudoir de Paris,"['https://serrbi-main-file-bucket.s3.amazonaws.com/services/images/le_boudoir_de_paris/image_1.jpg', 'https://serrbi-main-file-bucket.s3.amazonaws.com/services/images/le_boudoir_de_paris/image_2.jpg', 'https://serrbi-main-file-bucket.s3.amazonaws.com/services/images/le_boudoir_de_paris/image_3.jpg']",Esthetician,Spa,Experience luxurious skincare and beauty treatments in an elegant Parisian atmosphere.,200,CAS,Casablanca,· +212 706-080608,4.2,59
Salon coiffeur copenhagen,"['https://serrbi-main-file-bucket.s3.amazonaws.com/services/images/salon_coiffeur_copenhagen/image_1.jpg', 'https://serrbi-main-file-bucket.s3.amazonaws.com/services/images/salon_coiffeur_copenhagen/image_2.jpg', 'https://serrbi-main-file-bucket.s3.amazonaws.com/services/images/salon_coiffeur_copenhagen/image_3.jpg']",Esthetician,Hair Salon,Expert hair styling and beauty services in the heart of Copenhagen.,200,CAS,Casablanca,nan,4.7,51
Salon 114,"['https://serrbi-main-file-bucket.s3.amazonaws.com/services/images/salon_114/image_1.jpg', 'https://serrbi-main-file-bucket.s3.amazonaws.com/services/images/salon_114/image_2.jpg', 'https://serrbi-main-file-bucket.s3.amazonaws.com/services/images/salon_114/image_3.jpg']",Esthetician,Esthetician,Expert esthetician services for radiant skin and wellness.,200,,,· +212 665-351737,3.2,92
Zy Beauty Spa : Salon de Coiffure & Esthétique,"['https://serrbi-main-file-bucket.s3.amazonaws.com/services/images/zy_beauty_spa___salon_de_coiffure___esth_tique/image_1.jpg', 'https://serrbi-main-file-bucket.s3.amazonaws.com/services/images/zy_beauty_spa___salon_de_coiffure___esth_tique/image_2.jpg', 'https://serrbi-main-file-bucket.s3.amazonaws.com/services/images/zy_beauty_spa___salon_de_coiffure___esth_tique/image_3.jpg']",Esthetician,Beauty Spa,Experience rejuvenating beauty treatments in a serene spa environment.,200,ORI,Nador,· +212 5363-36039,4.9,94
Dot Beauty By Sofia,"['https://serrbi-main-file-bucket.s3.amazonaws.com/services/images/dot_beauty_by_sofia/image_1.jpg', 'https://serrbi-main-file-bucket.s3.amazonaws.com/services/images/dot_beauty_by_sofia/image_2.jpg', 'https://serrbi-main-file-bucket.s3.amazonaws.com/services/images/dot_beauty_by_sofia/image_3.jpg']",Esthetician,Esthetician,Expert skincare and beauty treatments tailored to enhance your natural glow.,200,CAS,Casablanca,· +212 619-467009,4.7,15
Salon Dalida,"['https://serrbi-main-file-bucket.s3.amazonaws.com/services/images/salon_dalida/image_1.jpg', 'https://serrbi-main-file-bucket.s3.amazonaws.com/services/images/salon_dalida/image_2.jpg', 'https://serrbi-main-file-bucket.s3.amazonaws.com/services/images/salon_dalida/image_3.jpg']",Esthetician,Esthetician,"Expert esthetician services offering facials, skincare treatments, and relaxation for a rejuvenated you.",200,,,· +212 5244-49606,4.1,116
Coiffeur Haj Jamal,"['https://serrbi-main-file-bucket.s3.amazonaws.com/services/images/coiffeur_haj_jamal/image_1.jpg', 'https://serrbi-main-file-bucket.s3.amazonaws.com/services/images/coiffeur_haj_jamal/image_2.jpg', 'https://serrbi-main-file-bucket.s3.amazonaws.com/services/images/coiffeur_haj_jamal/image_3.jpg']",Esthetician,Hair Salon,Expert hair care and styling services by Coiffeur Haj Jamal for all your beauty needs.,200,CAS,Casablanca,· +212 661-760807,3.0,15
Sweetest barbér marrakech,"['https://serrbi-main-file-bucket.s3.amazonaws.com/services/images/sweetest_barb_r_marrakech/image_1.jpg', 'https://serrbi-main-file-bucket.s3.amazonaws.com/services/images/sweetest_barb_r_marrakech/image_2.jpg', 'https://serrbi-main-file-bucket.s3.amazonaws.com/services/images/sweetest_barb_r_marrakech/image_3.jpg']",Esthetician,Barber Shop,Experience the ultimate grooming and aesthetic services in the heart of Marrakech.,200,,,+212 525-056141,3.8,41
Jean Louis David Rabat,"['https://serrbi-main-file-bucket.s3.amazonaws.com/services/images/jean_louis_david_rabat/image_1.jpg', 'https://serrbi-main-file-bucket.s3.amazonaws.com/services/images/jean_louis_david_rabat/image_2.jpg', 'https://serrbi-main-file-bucket.s3.amazonaws.com/services/images/jean_louis_david_rabat/image_3.jpg']",Esthetician,Skincare,Expert esthetician services specializing in skincare and beauty treatments.,200,RAB,Rabat,+212 5376-51665,3.6,63
Le Clap,"['https://serrbi-main-file-bucket.s3.amazonaws.com/services/images/le_clap/image_1.jpg', 'https://serrbi-main-file-bucket.s3.amazonaws.com/services/images/le_clap/image_2.jpg', 'https://serrbi-main-file-bucket.s3.amazonaws.com/services/images/le_clap/image_3.jpg']",Esthetician,Esthetician,Expert esthetician services for skin rejuvenation and beauty treatments.,200,CAS,Casablanca,· +212 5222-09022,3.2,73
Hivernage BarBer shop H&F,"['https://serrbi-main-file-bucket.s3.amazonaws.com/services/images/hivernage_barber_shop_h_f/image_1.jpg', 'https://serrbi-main-file-bucket.s3.amazonaws.com/services/images/hivernage_barber_shop_h_f/image_2.jpg', 'https://serrbi-main-file-bucket.s3.amazonaws.com/services/images/hivernage_barber_shop_h_f/image_3.jpg']",Esthetician,Hair Salon,Expert haircuts and grooming services for all styles and preferences.,200,,,· +212 659-246511,4.3,98
Salon de coiffure,"['https://serrbi-main-file-bucket.s3.amazonaws.com/services/images/salon_de_coiffure/image_1.jpg', 'https://serrbi-main-file-bucket.s3.amazonaws.com/services/images/salon_de_coiffure/image_2.jpg', 'https://serrbi-main-file-bucket.s3.amazonaws.com/services/images/salon_de_coiffure/image_3.jpg']",Esthetician,Hair Salon,Expert hair styling and grooming services tailored to your needs.,200,CAS,Casablanca,nan,3.3,106
MC Maîtres Coiffeurs,"['https://serrbi-main-file-bucket.s3.amazonaws.com/services/images/mc_ma_tres_coiffeurs/image_1.jpg', 'https://serrbi-main-file-bucket.s3.amazonaws.com/services/images/mc_ma_tres_coiffeurs/image_2.jpg', 'https://serrbi-main-file-bucket.s3.amazonaws.com/services/images/mc_ma_tres_coiffeurs/image_3.jpg']",Esthetician,Hair Salon,Expert hair styling and grooming services by skilled stylists.,200,CAS,Casablanca,· +212 680-670440,4.1,115
Centre palm beauté & esthétique,"['https://serrbi-main-file-bucket.s3.amazonaws.com/services/images/centre_palm_beaut____esth_tique/image_1.jpg', 'https://serrbi-main-file-bucket.s3.amazonaws.com/services/images/centre_palm_beaut____esth_tique/image_2.jpg', 'https://serrbi-main-file-bucket.s3.amazonaws.com/services/images/centre_palm_beaut____esth_tique/image_3.jpg']",Esthetician,Esthetician,Revitalize your beauty with personalized skincare and aesthetic treatments at Centre Palm Beauté & Esthétique.,200,CAS,Casablanca,· +212 5229-35795,4.9,26
Raydo,"['https://serrbi-main-file-bucket.s3.amazonaws.com/services/images/raydo/image_1.jpg', 'https://serrbi-main-file-bucket.s3.amazonaws.com/services/images/raydo/image_2.jpg', 'https://serrbi-main-file-bucket.s3.amazonaws.com/services/images/raydo/image_3.jpg']",Esthetician,Esthetician Service,Expert esthetician services focusing on skincare and beauty treatments tailored to your needs.,200,,,+212 5229-96478,4.2,65
JODEE Maison du soin pour Madame,"['https://serrbi-main-file-bucket.s3.amazonaws.com/services/images/jodee_maison_du_soin_pour_madame/image_1.jpg', 'https://serrbi-main-file-bucket.s3.amazonaws.com/services/images/jodee_maison_du_soin_pour_madame/image_2.jpg', 'https://serrbi-main-file-bucket.s3.amazonaws.com/services/images/jodee_maison_du_soin_pour_madame/image_3.jpg']",Esthetician,Esthetician,"Luxurious beauty treatments tailored for women, focusing on skin and wellness.",200,CAS,Casablanca,· +212 520-034531,3.1,86
Bilal Coiffe,"['https://serrbi-main-file-bucket.s3.amazonaws.com/services/images/bilal_coiffe/image_1.jpg', 'https://serrbi-main-file-bucket.s3.amazonaws.com/services/images/bilal_coiffe/image_2.jpg', 'https://serrbi-main-file-bucket.s3.amazonaws.com/services/images/bilal_coiffe/image_3.jpg']",Esthetician,Esthetician Services,Expert skin care and beauty services tailored to enhance your natural radiance.,200,CAS,Casablanca,· +212 663-313103,3.5,32
Institut A Coeur,"['https://serrbi-main-file-bucket.s3.amazonaws.com/services/images/institut_a_coeur/image_1.jpg', 'https://serrbi-main-file-bucket.s3.amazonaws.com/services/images/institut_a_coeur/image_2.jpg', 'https://serrbi-main-file-bucket.s3.amazonaws.com/services/images/institut_a_coeur/image_3.jpg']",Esthetician,Skincare Services,Expert esthetician services focused on skincare and beauty treatments.,200,,,· +212 5244-33977,3.5,28
Salon Laetitia,"['https://serrbi-main-file-bucket.s3.amazonaws.com/services/images/salon_laetitia/image_1.jpg', 'https://serrbi-main-file-bucket.s3.amazonaws.com/services/images/salon_laetitia/image_2.jpg', 'https://serrbi-main-file-bucket.s3.amazonaws.com/services/images/salon_laetitia/image_3.jpg']",Esthetician,Esthetician Services,Relax and rejuvenate with expert esthetician services at Salon Laetitia.,200,CAS,Casablanca,· +212 5222-55258,3.8,46
Hair Mermaid,"['https://serrbi-main-file-bucket.s3.amazonaws.com/services/images/hair_mermaid/image_1.jpg', 'https://serrbi-main-file-bucket.s3.amazonaws.com/services/images/hair_mermaid/image_2.jpg', 'https://serrbi-main-file-bucket.s3.amazonaws.com/services/images/hair_mermaid/image_3.jpg']",Esthetician,Hair Styling,Transform your hair into a magical masterpiece with our expert stylist.,200,,,+212 661-343677,3.8,91
Nature Marrakech,"['https://serrbi-main-file-bucket.s3.amazonaws.com/services/images/nature_marrakech/image_1.jpg', 'https://serrbi-main-file-bucket.s3.amazonaws.com/services/images/nature_marrakech/image_2.jpg', 'https://serrbi-main-file-bucket.s3.amazonaws.com/services/images/nature_marrakech/image_3.jpg']",Esthetician,Esthetician,Revitalize your skin with our all-natural beauty treatments inspired by Marrakech's vibrant nature.,200,,,· +212 666-010816,3.9,77
Nice koop,"['https://serrbi-main-file-bucket.s3.amazonaws.com/services/images/nice_koop/image_1.jpg', 'https://serrbi-main-file-bucket.s3.amazonaws.com/services/images/nice_koop/image_2.jpg', 'https://serrbi-main-file-bucket.s3.amazonaws.com/services/images/nice_koop/image_3.jpg']",Esthetician,Esthetician,Expert esthetician services for glowing skin and personalized beauty treatments.,200,CAS,Casablanca,+212 5228-75332,3.8,92
Salon Skandar,"['https://serrbi-main-file-bucket.s3.amazonaws.com/services/images/salon_skandar/image_1.jpg', 'https://serrbi-main-file-bucket.s3.amazonaws.com/services/images/salon_skandar/image_2.jpg', 'https://serrbi-main-file-bucket.s3.amazonaws.com/services/images/salon_skandar/image_3.jpg']",Esthetician,Facial Services,Relaxing and rejuvenating skincare treatments tailored to your needs.,200,,,· +212 5222-20101,4.7,118
Saint luxe,"['https://serrbi-main-file-bucket.s3.amazonaws.com/services/images/saint_luxe/image_1.jpg', 'https://serrbi-main-file-bucket.s3.amazonaws.com/services/images/saint_luxe/image_2.jpg', 'https://serrbi-main-file-bucket.s3.amazonaws.com/services/images/saint_luxe/image_3.jpg']",Esthetician,Skin Care,Expert esthetician services focused on enhancing your natural beauty and rejuvenating your skin.,200,CAS,Casablanca,nan,3.9,49
La chambre à hair,"['https://serrbi-main-file-bucket.s3.amazonaws.com/services/images/la_chambre___hair/image_1.jpg', 'https://serrbi-main-file-bucket.s3.amazonaws.com/services/images/la_chambre___hair/image_2.jpg', 'https://serrbi-main-file-bucket.s3.amazonaws.com/services/images/la_chambre___hair/image_3.jpg']",Esthetician,Hair Salon,"Expert hair care and styling in a cozy, welcoming environment.",200,CAS,Casablanca,· +212 681-895586,4.3,11
Haute Coiffure Jean Claude François,"['https://serrbi-main-file-bucket.s3.amazonaws.com/services/images/haute_coiffure_jean_claude_fran_ois/image_1.jpg', 'https://serrbi-main-file-bucket.s3.amazonaws.com/services/images/haute_coiffure_jean_claude_fran_ois/image_2.jpg', 'https://serrbi-main-file-bucket.s3.amazonaws.com/services/images/haute_coiffure_jean_claude_fran_ois/image_3.jpg']",Esthetician,Hair Salon,Expert hair styling for a chic and elegant look tailored to your needs.,200,CAS,Casablanca,· +212 5222-72406,3.9,81
Coiffur Parix Maroc,"['https://serrbi-main-file-bucket.s3.amazonaws.com/services/images/coiffur_parix_maroc/image_1.jpg', 'https://serrbi-main-file-bucket.s3.amazonaws.com/services/images/coiffur_parix_maroc/image_2.jpg', 'https://serrbi-main-file-bucket.s3.amazonaws.com/services/images/coiffur_parix_maroc/image_3.jpg']",Esthetician,Hair Salon,Expert hairstyling and beauty services for all occasions in a welcoming environment.,200,CAS,Casablanca,+212 661-601591,4.5,37
Salon 4 Saisons de Coiffure,"['https://serrbi-main-file-bucket.s3.amazonaws.com/services/images/salon_4_saisons_de_coiffure/image_1.jpg', 'https://serrbi-main-file-bucket.s3.amazonaws.com/services/images/salon_4_saisons_de_coiffure/image_2.jpg', 'https://serrbi-main-file-bucket.s3.amazonaws.com/services/images/salon_4_saisons_de_coiffure/image_3.jpg']",Esthetician,Esthetician,"Expert esthetician services for beautiful, glowing skin all year round.",200,,,· +212 656-521801,4.5,77
Najib Claude,"['https://serrbi-main-file-bucket.s3.amazonaws.com/services/images/najib_claude/image_1.jpg', 'https://serrbi-main-file-bucket.s3.amazonaws.com/services/images/najib_claude/image_2.jpg', 'https://serrbi-main-file-bucket.s3.amazonaws.com/services/images/najib_claude/image_3.jpg']",Esthetician,Skincare Services,Expert esthetician offering personalized skincare treatments and beauty enhancements.,200,CAS,Casablanca,· +212 667-811732,4.7,127
Coiffeur حلاق,"['https://serrbi-main-file-bucket.s3.amazonaws.com/services/images/coiffeur_____/image_1.jpg', 'https://serrbi-main-file-bucket.s3.amazonaws.com/services/images/coiffeur_____/image_2.jpg', 'https://serrbi-main-file-bucket.s3.amazonaws.com/services/images/coiffeur_____/image_3.jpg']",Esthetician,Hair Salon,Expert hair cutting and styling for a fresh look.,200,,,nan,3.3,142
Barber 33,"['https://serrbi-main-file-bucket.s3.amazonaws.com/services/images/barber_33/image_1.jpg', 'https://serrbi-main-file-bucket.s3.amazonaws.com/services/images/barber_33/image_2.jpg', 'https://serrbi-main-file-bucket.s3.amazonaws.com/services/images/barber_33/image_3.jpg']",Esthetician,Barber Shop,"Expert haircuts and grooming services for a fresh, stylish look.",200,,,· +212 661-579291,3.9,101
Zénith Luxury Center,"['https://serrbi-main-file-bucket.s3.amazonaws.com/services/images/z_nith_luxury_center/image_1.jpg', 'https://serrbi-main-file-bucket.s3.amazonaws.com/services/images/z_nith_luxury_center/image_2.jpg', 'https://serrbi-main-file-bucket.s3.amazonaws.com/services/images/z_nith_luxury_center/image_3.jpg']",Esthetician,Spa and Skincare Services,Indulge in rejuvenating skincare and luxurious beauty treatments for a radiant glow.,200,CAS,Casablanca,· +212 5222-27186,3.7,135
Salon BeBeautiful Casablanca,"['https://serrbi-main-file-bucket.s3.amazonaws.com/services/images/salon_bebeautiful_casablanca/image_1.jpg', 'https://serrbi-main-file-bucket.s3.amazonaws.com/services/images/salon_bebeautiful_casablanca/image_2.jpg', 'https://serrbi-main-file-bucket.s3.amazonaws.com/services/images/salon_bebeautiful_casablanca/image_3.jpg']",Esthetician,Esthetician Services,Expert esthetician services delivering beauty and relaxation in a serene environment.,200,CAS,Casablanca,+212 649-882068,3.3,108
Hannan coiffure,"['https://serrbi-main-file-bucket.s3.amazonaws.com/services/images/hannan_coiffure/image_1.jpg', 'https://serrbi-main-file-bucket.s3.amazonaws.com/services/images/hannan_coiffure/image_2.jpg', 'https://serrbi-main-file-bucket.s3.amazonaws.com/services/images/hannan_coiffure/image_3.jpg']",Esthetician,Hair Salon,Expert hair styling and care from experienced professionals at Hannan coiffure.,200,,,+212 634-106210,4.8,42
Coiffeur NASSER EDDINE,"['https://serrbi-main-file-bucket.s3.amazonaws.com/services/images/coiffeur_nasser_eddine/image_1.jpg', 'https://serrbi-main-file-bucket.s3.amazonaws.com/services/images/coiffeur_nasser_eddine/image_2.jpg', 'https://serrbi-main-file-bucket.s3.amazonaws.com/services/images/coiffeur_nasser_eddine/image_3.jpg']",Esthetician,Hair Salon,Expert hair styling and grooming services for a confident look.,200,,,· +212 600-715017,3.8,122
Coiffeuse Salon de Coiffure & Esthétique,"['https://serrbi-main-file-bucket.s3.amazonaws.com/services/images/coiffeuse_salon_de_coiffure___esth_tique/image_1.jpg', 'https://serrbi-main-file-bucket.s3.amazonaws.com/services/images/coiffeuse_salon_de_coiffure___esth_tique/image_2.jpg', 'https://serrbi-main-file-bucket.s3.amazonaws.com/services/images/coiffeuse_salon_de_coiffure___esth_tique/image_3.jpg']",Esthetician,Beauty Salon,Expert hairstyling and beauty services for a flawless look.,200,MAR,Safi,nan,4.9,8
Coiffeuse Salon de Coiffure & Esthétique,"['https://serrbi-main-file-bucket.s3.amazonaws.com/services/images/coiffeuse_salon_de_coiffure___esth_tique/image_1.jpg', 'https://serrbi-main-file-bucket.s3.amazonaws.com/services/images/coiffeuse_salon_de_coiffure___esth_tique/image_2.jpg', 'https://serrbi-main-file-bucket.s3.amazonaws.com/services/images/coiffeuse_salon_de_coiffure___esth_tique/image_3.jpg']",Esthetician,Hair and Esthetics Salon,Expert hair and beauty services for a stunning transformation.,200,MAR,Safi,No reviews,4.7,123
SPA CIL,"['https://serrbi-main-file-bucket.s3.amazonaws.com/services/images/spa_cil/image_1.jpg', 'https://serrbi-main-file-bucket.s3.amazonaws.com/services/images/spa_cil/image_2.jpg', 'https://serrbi-main-file-bucket.s3.amazonaws.com/services/images/spa_cil/image_3.jpg']",Esthetician,Spa,Revitalize your skin with our luxurious spa treatments and expert esthetician services.,200,CAS,Casablanca,· +212 5229-46664,4.5,110
Coiffeur Homme,"['https://serrbi-main-file-bucket.s3.amazonaws.com/services/images/coiffeur_homme/image_1.jpg', 'https://serrbi-main-file-bucket.s3.amazonaws.com/services/images/coiffeur_homme/image_2.jpg', 'https://serrbi-main-file-bucket.s3.amazonaws.com/services/images/coiffeur_homme/image_3.jpg']",Esthetician,Barber Shop,Expert men's haircuts and grooming services in a stylish atmosphere.,200,,,nan,3.7,38
coiffure ésthéticienne NADIA COIFFURE - Agadir,"['https://serrbi-main-file-bucket.s3.amazonaws.com/services/images/coiffure__sth_ticienne_nadia_coiffure_-_agadir/image_1.jpg', 'https://serrbi-main-file-bucket.s3.amazonaws.com/services/images/coiffure__sth_ticienne_nadia_coiffure_-_agadir/image_2.jpg', 'https://serrbi-main-file-bucket.s3.amazonaws.com/services/images/coiffure__sth_ticienne_nadia_coiffure_-_agadir/image_3.jpg']",Esthetician,Beauty Salon,Expert esthetician offering top-notch hair and beauty services in Agadir.,200,SOU,Agadir,· +212 662-059866,4.5,137
Salon coiffeur Laassal,"['https://serrbi-main-file-bucket.s3.amazonaws.com/services/images/salon_coiffeur_laassal/image_1.jpg', 'https://serrbi-main-file-bucket.s3.amazonaws.com/services/images/salon_coiffeur_laassal/image_2.jpg', 'https://serrbi-main-file-bucket.s3.amazonaws.com/services/images/salon_coiffeur_laassal/image_3.jpg']",Esthetician,Hair Salon,Expert hairstyling and beauty services tailored to enhance your look.,200,,,nan,4.1,87
Barber house maroc,"['https://serrbi-main-file-bucket.s3.amazonaws.com/services/images/barber_house_maroc/image_1.jpg', 'https://serrbi-main-file-bucket.s3.amazonaws.com/services/images/barber_house_maroc/image_2.jpg', 'https://serrbi-main-file-bucket.s3.amazonaws.com/services/images/barber_house_maroc/image_3.jpg']",Esthetician,Barber Shop,Experienced barbers providing stylish cuts and exceptional grooming services in a welcoming environment.,200,CAS,Casablanca,· +212 663-700470,4.2,25
JODEE Maison du soin pour Madame,"['https://serrbi-main-file-bucket.s3.amazonaws.com/services/images/jodee_maison_du_soin_pour_madame/image_1.jpg', 'https://serrbi-main-file-bucket.s3.amazonaws.com/services/images/jodee_maison_du_soin_pour_madame/image_2.jpg', 'https://serrbi-main-file-bucket.s3.amazonaws.com/services/images/jodee_maison_du_soin_pour_madame/image_3.jpg']",Esthetician,Esthetician,Experience luxurious skincare and beauty treatments tailored for women at JODEE Maison.,200,CAS,Casablanca,· +212 520-034531,3.3,128
Bilal Coiffe,"['https://serrbi-main-file-bucket.s3.amazonaws.com/services/images/bilal_coiffe/image_1.jpg', 'https://serrbi-main-file-bucket.s3.amazonaws.com/services/images/bilal_coiffe/image_2.jpg', 'https://serrbi-main-file-bucket.s3.amazonaws.com/services/images/bilal_coiffe/image_3.jpg']",Esthetician,Esthetician Services,"Expert esthetician services for skin care, facials, and beauty treatments.",200,CAS,Casablanca,· +212 663-313103,3.8,45
